cfips,Connected_Economy,Government_Support,Large_Customer_Base,Low_Cost_of_Living,Natural_Resources,Supportive_Community,Limited_Financing,Limited_Tech_n_Infra,Low_Pop_Bad_Weather,Tough_Labor_Market,Unfavorable_Location,Various_Downsides
01001,1,0,0,1,0,0,0,0,0,0,1,0
01003,1,1,0,1,0,0,0,0,0,1,0,0
01005,0,1,1,1,0,0,0,0,0,1,1,0
01007,0,1,1,1,0,0,0,0,0,0,1,0
01009,0,1,1,1,0,0,1,0,0,0,1,0
01011,0,1,1,1,0,0,1,0,1,1,0,0
01013,0,1,1,1,0,0,1,1,0,1,0,0
01015,0,1,1,1,0,0,1,0,0,1,0,0
01017,0,1,1,1,0,0,1,0,0,1,0,1
01019,0,1,1,1,0,0,1,1,0,1,0,0
01021,0,0,1,1,0,1,1,0,1,0,0,1
01023,0,1,1,1,0,0,1,0,1,1,0,0
01025,0,1,1,1,0,0,0,1,0,0,1,1
01027,0,1,1,1,0,0,1,0,1,1,0,0
01029,0,1,1,1,0,0,1,1,0,0,0,1
01031,0,1,1,1,0,0,1,1,0,1,0,0
01033,0,1,0,1,0,0,0,0,0,1,1,0
01035,0,1,1,1,0,0,1,1,0,0,0,1
01037,0,1,1,1,0,0,1,1,0,1,0,0
01039,0,1,1,1,0,0,1,1,0,1,0,0
01041,0,1,1,1,0,0,0,1,0,1,0,0
01043,0,1,1,1,0,0,1,0,0,0,1,0
01045,0,1,1,1,0,0,0,0,0,0,1,0
01047,1,1,0,1,0,0,0,0,0,1,1,0
01049,0,1,1,1,0,0,1,0,0,0,1,0
01051,1,1,0,1,0,0,0,0,0,1,1,0
01053,0,1,1,1,0,0,1,0,0,1,0,1
01055,0,1,1,1,0,0,1,0,0,0,0,1
01057,0,1,0,1,0,0,0,0,0,1,1,0
01059,0,1,1,1,0,0,1,1,0,1,0,0
01061,0,1,1,1,0,0,1,0,1,1,0,0
01063,1,1,0,1,0,0,0,0,0,1,1,0
01065,0,1,1,1,0,0,0,0,0,1,1,0
01067,0,1,1,1,0,0,1,1,0,1,0,0
01069,1,1,0,1,0,0,0,0,0,1,1,0
01071,1,1,0,1,0,0,0,0,0,1,1,0
01073,1,1,0,1,0,0,0,0,0,1,1,0
01075,1,1,0,1,0,0,0,0,0,0,1,0
01077,0,1,1,1,0,0,1,0,0,1,0,1
01079,0,0,1,1,0,1,1,1,1,0,0,0
01081,0,1,1,1,0,0,1,1,0,1,0,0
01083,0,1,1,1,0,0,1,1,0,1,0,0
01085,1,1,0,1,0,0,0,0,0,1,1,0
01087,0,1,1,1,0,0,1,1,0,1,0,0
01089,1,1,0,1,0,0,0,0,0,1,1,0
01091,0,1,1,1,0,0,0,0,0,1,1,0
01093,0,1,1,1,0,0,1,1,0,0,0,1
01095,0,1,1,1,0,0,0,0,0,0,1,0
01097,1,0,0,1,0,0,0,0,0,1,1,0
01099,0,1,1,1,0,0,1,1,0,1,0,0
01101,0,1,1,1,0,0,1,0,0,0,0,1
01103,0,1,1,1,0,0,1,1,0,0,1,0
01105,0,1,1,1,0,0,1,1,0,1,0,0
01107,0,1,1,1,0,0,1,1,0,1,0,0
01109,0,1,1,1,0,0,1,1,0,1,0,0
01111,0,1,1,1,0,0,1,1,0,0,0,1
01113,0,1,1,1,0,0,0,0,0,0,1,0
01115,0,1,1,1,0,0,1,1,0,0,0,1
01117,0,1,1,1,0,0,1,1,0,1,0,0
01119,0,1,1,1,0,0,1,1,0,1,0,0
01121,0,1,1,1,0,0,1,0,0,1,1,0
01123,0,1,1,1,0,0,0,0,0,0,1,0
01125,0,0,0,1,0,1,1,0,1,0,0,0
01127,0,1,1,1,0,0,1,0,1,1,0,0
01129,0,1,1,1,0,0,1,0,0,1,0,1
01131,1,0,0,1,0,0,0,0,0,1,1,0
01133,0,1,1,1,0,0,0,0,0,0,1,0
02013,0,0,0,1,1,0,0,1,1,0,0,0
02016,0,0,0,1,1,1,1,1,1,0,0,0
02020,1,0,0,0,0,1,0,0,0,1,1,0
02050,1,0,0,1,0,0,0,0,0,1,1,0
02060,0,0,0,1,1,1,0,1,1,0,0,0
02068,0,0,0,1,1,0,0,1,1,0,0,0
02070,0,0,0,1,1,1,1,1,1,0,0,0
02090,0,0,1,1,1,0,0,1,1,0,0,0
02100,0,0,0,1,1,0,1,0,1,1,0,0
02105,0,0,0,1,1,1,1,1,0,0,0,0
02110,0,0,0,1,1,1,1,1,1,0,0,0
02122,0,0,0,1,1,0,0,1,1,0,0,0
02130,0,0,0,1,1,0,1,0,1,1,0,0
02150,0,0,0,1,1,1,1,1,0,0,0,1
02158,0,0,0,1,0,1,0,0,0,1,1,0
02164,0,0,0,1,1,1,0,1,1,0,0,0
02170,0,0,1,1,1,0,0,1,1,0,0,0
02180,0,0,0,1,1,1,0,1,1,0,0,0
02185,0,0,0,1,1,0,0,1,1,0,0,0
02188,0,0,0,1,1,1,0,1,1,0,0,0
02195,0,1,0,1,0,0,0,0,0,1,1,0
02198,0,0,0,1,1,0,0,1,1,0,0,0
02220,1,0,0,1,0,0,0,0,0,1,1,0
02230,0,0,0,1,1,0,0,1,1,0,0,0
02240,0,0,0,1,1,1,0,1,1,0,0,0
02261,0,0,0,1,1,1,0,1,1,0,0,0
02275,1,1,0,1,0,0,0,0,0,1,1,0
02282,1,1,0,1,0,0,0,0,0,1,1,0
02290,0,0,0,1,1,0,0,1,0,0,0,0
04001,1,1,0,1,0,0,0,0,0,1,1,0
04003,0,0,1,1,0,1,1,0,0,1,0,1
04005,0,0,1,1,1,0,1,0,0,0,0,1
04007,0,0,1,1,1,0,1,0,0,1,0,1
04009,1,1,0,1,0,0,0,0,0,1,1,0
04011,0,1,0,1,1,0,1,1,1,0,0,0
04012,0,0,1,1,1,0,1,0,0,1,0,1
04013,0,1,0,1,0,1,0,0,1,0,0,1
04015,0,0,0,1,1,1,1,0,1,0,0,0
04017,0,0,1,1,1,0,1,1,1,0,0,0
04019,0,1,1,1,0,0,0,1,0,1,0,1
04021,0,0,1,1,1,0,0,1,1,0,0,1
04023,0,0,1,1,1,0,1,0,0,0,1,1
04025,0,0,1,1,1,0,1,1,0,0,0,1
04027,0,0,1,1,1,0,1,0,1,1,0,0
05001,1,1,0,1,0,0,0,0,0,0,1,0
05003,0,1,1,1,0,0,1,1,0,1,0,0
05005,1,1,0,1,0,0,1,0,0,1,0,0
05007,1,1,0,1,0,0,0,0,0,0,1,0
05009,0,0,1,1,0,1,1,1,1,0,0,0
05011,0,1,1,1,0,0,1,1,0,1,0,0
05013,0,1,0,1,0,1,1,1,1,0,0,0
05015,0,1,0,1,0,1,1,1,0,0,0,1
05017,0,1,1,1,0,0,1,1,0,1,0,0
05019,0,1,0,1,0,1,1,0,0,0,0,1
05021,0,1,1,1,0,0,1,0,1,1,0,0
05023,0,1,1,1,0,0,1,1,0,0,0,1
05025,0,1,0,1,0,1,1,1,1,0,0,0
05027,0,1,0,1,0,1,1,0,0,0,0,1
05029,0,1,1,1,0,0,1,1,0,0,0,0
05031,0,1,1,1,0,0,1,1,0,1,0,0
05033,0,1,1,1,0,0,1,1,0,1,0,0
05035,0,1,1,1,0,0,1,1,0,0,0,1
05037,0,1,1,1,0,0,1,1,0,0,0,1
05039,1,1,0,1,0,0,0,0,0,0,1,0
05041,1,1,0,1,0,0,0,0,0,1,1,0
05043,0,1,0,1,0,1,1,1,0,0,1,0
05045,0,1,1,1,0,0,1,1,0,1,0,0
05047,0,1,0,1,0,1,1,0,0,0,0,1
05049,0,1,0,1,0,1,1,0,0,0,0,1
05051,0,1,1,1,0,0,1,1,0,1,0,0
05053,0,1,0,1,0,1,1,1,1,0,0,0
05055,1,1,0,1,0,0,0,0,0,1,1,0
05057,0,0,1,1,0,1,1,0,0,1,0,1
05059,0,1,1,1,0,0,1,1,0,1,0,0
05061,0,1,0,1,0,1,0,1,1,0,0,0
05063,0,1,0,1,0,1,1,1,0,1,0,0
05065,0,1,1,1,0,0,1,1,1,0,0,0
05067,0,1,1,1,0,0,1,1,0,1,0,0
05069,0,1,1,1,0,0,0,0,0,0,1,0
05071,1,1,0,1,0,0,0,0,0,0,1,0
05073,0,1,0,1,0,1,0,1,1,0,0,0
05075,0,0,0,1,0,1,1,1,1,0,0,0
05077,0,1,0,1,0,1,1,0,1,0,0,0
05079,0,1,1,1,0,0,1,0,0,1,0,1
05081,0,1,0,1,0,1,1,1,1,0,0,0
05083,0,1,1,1,0,0,1,1,0,1,0,0
05085,0,1,1,1,0,0,1,1,0,1,0,0
05087,0,0,1,1,0,1,1,0,1,1,0,0
05089,0,1,0,1,0,1,1,0,0,0,0,1
05091,0,1,1,1,0,0,1,1,0,1,0,0
05093,0,1,1,1,0,0,1,1,0,1,0,0
05095,0,1,0,1,0,1,1,0,0,0,0,1
05097,0,1,0,1,0,1,1,0,0,0,0,1
05099,0,1,0,1,0,1,1,1,1,0,0,0
05101,0,1,0,1,0,1,1,0,0,0,0,1
05103,0,1,1,1,0,0,1,1,0,1,0,0
05105,0,1,0,1,0,1,1,0,1,0,1,0
05107,1,1,0,1,0,0,0,0,0,1,1,0
05109,0,0,1,1,0,1,0,1,1,0,1,0
05111,0,1,1,1,0,0,1,1,0,1,0,0
05113,0,1,0,1,0,1,1,0,0,0,0,1
05115,0,1,1,1,0,0,1,0,0,1,0,1
05117,0,1,0,1,0,1,1,1,0,0,1,0
05119,0,1,1,1,0,0,1,0,0,0,0,1
05121,0,1,0,1,0,1,1,1,0,1,0,0
05123,0,1,1,1,0,0,1,1,0,0,0,1
05125,0,0,1,1,0,1,1,0,1,0,0,1
05127,0,1,1,1,0,0,1,1,0,0,1,0
05129,0,0,1,1,0,1,1,1,1,0,0,0
05131,0,1,1,1,0,0,1,1,0,1,0,0
05133,0,1,0,1,0,1,1,1,1,0,0,0
05135,0,1,0,1,0,1,1,1,0,1,0,0
05137,0,1,0,1,0,1,1,1,1,0,0,0
05139,0,1,0,1,0,1,0,1,1,0,1,0
05141,0,1,1,1,0,0,1,1,0,0,0,1
05143,0,1,1,1,0,0,1,1,0,1,0,0
05145,0,1,1,1,0,0,1,1,0,1,0,0
05147,0,0,1,1,0,1,1,0,1,0,0,1
05149,0,1,0,1,0,1,1,0,1,0,0,1
06001,0,1,1,0,0,1,0,0,1,0,0,1
06003,0,0,1,1,1,0,1,1,0,1,0,0
06005,1,0,0,1,0,0,0,0,0,1,1,0
06007,0,0,0,1,1,1,1,0,1,0,0,0
06009,0,1,0,1,1,0,0,1,1,0,0,0
06011,0,1,0,1,1,0,1,1,1,0,0,0
06013,0,1,1,0,0,1,0,1,0,1,0,1
06015,0,0,1,1,1,0,1,1,1,0,0,0
06017,1,1,0,0,0,0,0,0,0,1,0,0
06019,0,1,1,1,0,0,1,0,1,0,0,0
06021,0,1,0,1,0,1,1,1,1,0,0,0
06023,0,0,1,1,1,0,1,0,1,0,0,0
06025,0,0,1,1,0,1,1,0,1,0,0,0
06027,0,0,1,1,1,0,1,0,0,0,1,0
06029,0,1,0,1,0,1,1,1,1,0,0,0
06031,1,1,0,1,0,0,0,0,0,1,0,0
06033,0,1,1,1,0,0,1,0,1,0,0,1
06035,0,1,0,1,1,0,0,1,1,0,0,0
06037,0,1,1,0,0,1,0,0,1,0,0,0
06039,0,0,1,1,1,0,1,0,1,0,0,0
06041,0,0,1,0,1,1,0,1,1,0,0,0
06043,1,0,0,1,0,0,0,0,0,1,1,0
06045,1,0,0,1,0,0,0,0,0,1,1,0
06047,1,0,0,1,0,0,0,0,0,1,1,0
06049,0,0,1,1,1,0,1,1,1,0,0,0
06051,0,0,1,1,1,0,1,1,0,0,0,1
06053,0,1,1,0,0,1,0,1,1,0,0,1
06055,0,0,1,0,1,1,1,0,1,0,0,1
06057,1,1,0,1,0,0,0,0,0,1,1,0
06059,0,1,1,0,0,1,0,1,0,1,0,1
06061,1,1,0,1,0,0,0,0,0,1,1,0
06063,0,0,1,1,1,0,1,0,0,1,0,0
06065,1,1,0,1,0,0,0,0,0,1,1,0
06067,0,1,0,1,0,1,0,1,1,0,0,0
06069,0,0,1,1,0,1,1,0,1,1,0,0
06071,0,1,1,1,0,0,1,0,0,1,0,1
06073,1,1,0,1,0,0,0,0,0,1,1,0
06075,1,0,0,1,0,0,0,0,0,1,1,0
06077,1,1,0,1,0,0,0,0,0,1,0,0
06079,0,0,1,1,0,1,1,0,1,0,0,1
06081,1,0,0,1,0,0,0,0,0,1,1,0
06083,1,0,0,0,0,0,0,0,0,1,0,0
06085,0,1,1,0,0,1,0,0,1,0,0,1
06087,0,0,1,0,1,1,1,0,1,0,0,1
06089,0,1,0,1,1,0,0,1,1,1,0,0
06091,0,1,0,1,1,0,0,0,1,0,0,0
06093,0,0,1,1,1,0,1,0,1,1,0,0
06095,0,1,1,1,0,0,1,0,1,1,0,0
06097,0,1,1,0,0,1,1,0,1,0,0,1
06099,0,1,1,1,0,0,0,0,1,1,1,0
06101,0,1,1,1,0,0,1,1,1,0,0,0
06103,0,1,1,1,0,0,1,1,0,1,0,0
06105,1,1,0,1,0,0,0,0,0,0,1,0
06107,1,1,0,1,0,0,0,0,0,1,1,0
06109,0,0,1,1,1,0,1,1,0,1,0,0
06111,0,1,1,1,0,0,0,1,0,0,0,1
06113,1,1,0,1,0,0,0,0,0,1,1,0
06115,0,1,1,1,0,0,1,0,0,1,0,1
08001,1,1,1,0,0,0,0,0,0,1,0,0
08003,0,1,0,1,0,1,1,1,1,0,0,0
08005,1,1,0,1,0,0,0,0,0,1,1,0
08007,0,0,0,1,1,1,1,1,1,0,0,0
08009,0,1,0,1,0,1,1,1,1,0,0,0
08011,0,1,1,1,0,0,1,0,1,0,0,0
08013,1,0,0,0,0,0,0,0,0,1,0,0
08014,0,0,1,1,0,1,1,0,1,0,0,1
08015,0,0,0,1,1,1,1,1,1,0,0,0
08017,0,1,0,1,1,0,0,1,1,0,0,1
08019,1,1,0,1,0,0,0,0,0,0,1,0
08021,0,0,1,1,1,0,1,1,0,1,0,0
08023,0,1,0,1,1,0,0,1,1,0,0,0
08025,0,1,0,1,1,0,0,1,1,0,0,0
08027,0,0,1,1,1,0,1,0,0,0,1,1
08029,0,0,1,1,1,0,1,0,0,0,1,1
08031,1,1,0,0,0,0,0,0,0,1,1,0
08033,1,0,0,1,0,0,0,0,0,0,1,0
08035,1,0,0,1,0,0,0,0,0,1,1,0
08037,0,0,1,1,1,0,1,0,0,0,0,1
08039,0,1,0,1,1,0,0,1,1,0,0,1
08041,0,0,0,1,0,1,1,0,1,0,0,0
08043,0,0,1,1,1,0,1,1,1,0,0,0
08045,0,0,1,1,1,0,1,1,0,0,0,1
08047,0,1,1,1,0,0,0,0,0,1,1,0
08049,1,1,0,1,0,0,0,0,0,1,1,0
08051,1,1,0,1,0,0,0,0,0,0,1,0
08053,0,0,1,1,1,0,1,0,0,1,0,1
08055,0,0,1,1,1,0,1,1,0,0,1,0
08057,1,1,0,1,0,0,0,0,0,1,1,0
08059,1,1,0,0,0,0,0,0,0,1,1,0
08061,0,1,0,1,0,1,1,0,1,0,1,0
08063,0,1,0,1,1,0,1,1,0,1,0,0
08065,0,0,1,1,1,0,1,0,0,0,0,1
08067,1,1,0,0,0,0,0,0,0,1,1,0
08069,1,1,0,0,0,0,0,0,0,1,1,0
08071,0,1,0,1,1,0,0,1,1,0,0,1
08073,0,0,0,1,1,1,1,0,1,0,0,0
08075,1,1,0,1,0,0,0,0,0,1,1,0
08077,0,1,1,1,0,0,1,0,0,0,0,1
08079,0,0,1,1,1,0,1,0,1,0,1,0
08081,0,0,0,1,1,0,1,0,1,0,0,0
08083,0,0,1,1,1,0,1,0,0,0,1,1
08085,0,1,0,1,1,0,0,1,1,0,0,0
08087,0,1,0,1,1,0,1,1,1,0,0,0
08089,1,1,0,1,0,0,0,0,0,1,1,0
08091,0,0,0,1,1,1,1,0,1,0,0,0
08093,0,0,1,1,1,0,1,1,0,0,0,1
08095,1,1,0,1,0,0,0,0,0,0,1,0
08097,0,0,0,1,1,1,1,1,1,0,0,0
08099,0,1,1,1,0,0,1,1,0,0,1,0
08101,0,0,1,1,0,1,1,1,1,0,0,0
08103,0,0,1,1,1,0,1,1,0,0,0,1
08105,0,1,0,1,1,0,0,1,1,0,0,1
08107,0,0,0,1,1,1,0,1,1,0,0,0
08109,0,0,1,1,1,0,1,0,0,0,1,1
08111,0,0,1,1,1,0,1,1,0,0,0,1
08113,0,0,1,1,1,0,1,1,0,0,0,1
08115,0,0,1,1,1,0,1,1,0,0,0,1
08117,0,0,1,1,1,0,0,0,1,0,0,1
08119,0,0,1,1,1,0,1,1,0,0,0,1
08121,0,0,0,1,1,1,1,1,0,0,0,1
08123,0,0,1,1,0,1,1,0,0,0,0,1
08125,0,1,0,1,1,0,0,1,0,1,0,1
09001,0,0,1,1,0,1,1,1,0,0,0,1
09003,1,1,0,1,0,0,0,0,0,1,1,0
09005,0,1,1,1,0,0,1,0,1,1,0,0
09007,1,1,0,0,0,0,0,0,0,1,0,0
09009,0,1,1,1,0,0,1,0,1,0,0,1
09011,1,1,0,0,0,0,0,0,0,1,0,0
09013,0,1,1,1,0,0,1,0,0,1,0,1
09015,1,0,0,1,0,0,0,0,0,1,1,0
10001,0,1,0,1,0,0,0,0,0,1,1,0
10003,0,1,1,1,0,0,0,0,0,1,1,0
10005,0,0,1,1,0,1,1,1,0,0,0,1
11001,0,1,1,1,0,0,1,0,0,1,0,0
12001,1,1,0,1,0,0,0,0,0,1,1,0
12003,0,1,1,1,0,0,0,1,0,0,1,1
12005,0,1,1,1,0,0,0,0,0,1,0,1
12007,0,1,1,1,0,0,1,1,0,1,0,0
12009,1,0,0,1,0,0,0,0,0,1,0,0
12011,0,1,0,1,0,1,0,1,1,0,0,1
12013,0,0,1,1,0,1,1,0,0,0,1,1
12015,0,0,1,1,0,1,1,0,1,0,0,1
12017,0,0,1,1,0,1,1,0,1,0,0,1
12019,0,1,1,1,0,0,1,0,0,0,1,1
12021,0,1,1,1,0,0,0,0,0,0,0,1
12023,0,0,1,1,1,0,0,1,0,0,0,0
12027,0,1,1,1,0,0,1,0,0,0,0,1
12029,0,1,1,1,0,0,1,1,0,1,0,0
12031,0,1,1,1,0,0,0,1,1,0,0,1
12033,0,1,1,1,0,0,1,0,0,0,1,1
12035,0,0,1,1,0,1,1,0,0,0,0,1
12037,0,0,1,1,0,1,1,0,0,0,0,1
12039,0,0,1,1,0,1,1,0,0,0,0,1
12041,0,1,0,1,0,1,1,1,1,0,0,0
12043,0,0,1,1,1,0,0,0,0,0,1,1
12045,0,1,0,1,1,0,1,0,0,1,0,0
12047,1,0,0,1,0,0,0,0,0,1,1,0
12049,0,1,1,1,0,0,1,1,0,1,0,0
12051,0,1,1,1,0,0,1,1,0,1,0,0
12053,0,0,1,1,0,1,1,0,1,0,0,1
12055,0,1,1,1,0,0,1,0,1,1,0,0
12057,0,1,1,1,0,0,0,1,1,0,0,1
12059,0,1,1,1,0,0,1,0,1,1,0,0
12061,0,0,1,1,0,1,1,0,1,0,0,1
12063,0,0,1,1,0,1,1,0,0,0,0,1
12065,1,1,0,1,0,0,0,0,0,1,1,0
12067,0,1,1,1,0,0,1,1,0,0,0,1
12069,0,0,1,1,0,1,0,0,1,0,0,1
12071,0,0,1,1,0,1,1,0,1,0,0,1
12073,1,1,0,1,0,0,0,0,0,1,1,0
12075,1,1,0,1,0,0,0,0,0,1,1,0
12077,0,1,1,1,0,0,1,0,0,0,0,1
12079,0,1,1,1,0,0,1,1,0,1,0,0
12081,1,1,0,1,0,0,0,0,0,1,1,0
12083,0,1,1,1,0,0,1,0,1,0,0,1
12085,0,0,1,1,0,1,1,0,1,0,0,1
12086,0,1,0,0,0,1,0,0,1,0,0,0
12087,1,0,0,1,0,0,0,0,0,1,1,0
12089,0,1,1,1,0,0,1,0,0,0,1,1
12091,0,0,1,1,0,1,1,0,1,0,0,1
12093,0,0,1,1,0,1,1,1,0,0,0,1
12095,0,1,0,1,0,1,1,0,1,0,0,1
12097,0,1,0,1,0,1,1,0,1,0,0,1
12099,0,0,1,1,0,1,0,1,1,0,0,1
12101,0,1,1,1,0,0,1,0,0,0,0,1
12103,1,1,0,1,0,0,0,0,0,1,1,0
12105,0,1,1,1,0,0,0,0,0,1,1,1
12107,0,1,1,1,0,0,1,1,0,1,0,0
12109,1,1,0,0,0,0,0,0,0,1,1,0
12111,0,0,1,1,0,1,1,0,1,0,0,1
12113,0,1,1,1,0,0,1,0,1,0,0,1
12115,1,0,0,1,0,0,0,0,0,0,1,0
12117,0,1,1,1,0,0,1,0,1,0,0,1
12119,0,1,1,1,0,0,1,0,1,0,0,1
12121,0,0,1,1,0,1,1,0,1,0,0,1
12123,0,1,1,1,0,0,1,0,0,0,0,1
12125,0,1,1,1,0,0,0,0,0,0,1,0
12127,0,0,1,1,0,1,0,0,0,0,1,1
12129,0,0,1,1,1,0,0,1,1,0,0,0
12131,0,0,1,1,1,0,1,1,0,0,0,1
12133,0,1,1,1,0,0,1,0,0,0,1,1
13001,0,1,0,1,0,0,0,0,0,1,1,0
13003,0,1,1,1,0,0,1,1,0,1,0,0
13005,1,0,1,1,0,0,0,0,0,1,1,0
13007,0,1,1,1,0,0,1,1,0,1,0,0
13009,0,1,1,1,0,0,0,0,0,1,1,0
13011,0,1,1,1,0,0,1,1,0,1,0,0
13013,0,0,1,1,0,1,1,1,0,0,0,1
13015,0,0,1,1,0,1,1,1,0,0,0,1
13017,1,1,0,1,0,0,0,0,0,1,1,0
13019,0,0,1,1,0,1,1,0,0,0,0,1
13021,0,1,1,1,0,0,0,1,0,0,0,1
13023,0,1,1,1,0,0,1,1,0,0,0,0
13025,1,1,0,1,0,0,0,0,0,1,1,0
13027,0,1,1,1,0,0,0,0,0,0,1,0
13029,0,1,1,1,0,0,1,1,0,1,0,0
13031,0,1,1,1,0,0,1,0,0,0,1,1
13033,0,1,1,1,0,0,1,1,0,1,0,0
13035,0,1,1,1,0,0,1,0,0,0,0,1
13037,0,1,1,1,0,0,1,0,0,1,0,1
13039,0,1,1,1,0,0,1,1,0,0,0,1
13043,0,0,1,1,0,1,1,1,0,0,0,1
13045,0,0,1,1,0,1,1,1,0,0,0,1
13047,0,0,1,1,0,1,1,0,1,0,0,1
13049,0,0,1,1,0,1,1,1,0,0,0,1
13051,0,1,1,1,0,0,1,1,0,0,0,1
13053,0,1,1,1,0,0,1,1,0,0,0,1
13055,0,0,1,1,0,1,1,1,0,0,0,1
13057,0,0,1,1,0,1,0,1,0,0,0,1
13059,1,0,1,1,0,0,0,0,0,1,1,0
13061,0,1,1,1,0,0,1,0,0,1,0,1
13063,0,1,1,1,0,0,0,0,0,1,0,0
13065,1,1,0,1,0,0,0,0,0,0,1,0
13067,1,0,0,1,0,0,0,0,0,1,1,0
13069,0,1,1,1,0,0,1,1,0,1,0,0
13071,0,1,1,1,0,0,1,1,0,0,0,0
13073,0,0,1,1,0,1,1,1,0,0,0,1
13075,0,1,1,1,0,0,1,0,0,0,0,1
13077,0,1,1,1,0,0,1,0,0,0,0,1
13079,0,0,1,1,0,1,1,1,0,0,0,0
13081,0,1,1,1,0,0,1,0,0,1,0,1
13083,0,1,0,1,0,0,0,0,0,0,1,0
13085,0,1,1,1,0,0,1,1,0,1,0,0
13087,1,0,0,1,0,0,0,0,0,1,1,0
13089,0,1,1,1,0,0,0,1,0,0,1,1
13091,1,1,0,1,0,0,0,0,0,1,1,0
13093,1,0,0,1,0,0,0,0,0,1,1,0
13095,0,1,1,1,0,0,1,0,1,1,0,0
13097,1,0,1,1,0,0,0,0,0,1,1,0
13099,0,1,0,1,0,0,0,0,0,0,1,0
13101,0,1,1,1,0,0,1,1,0,1,0,0
13103,0,1,1,1,0,0,1,0,0,1,0,1
13105,0,1,1,1,0,0,1,1,0,1,0,0
13107,0,1,1,1,0,0,0,0,0,0,1,0
13109,0,1,1,1,0,0,1,1,0,1,0,0
13111,0,1,0,1,0,0,0,0,0,1,1,0
13113,1,1,0,0,0,0,0,0,0,1,1,0
13115,1,1,0,1,0,0,0,0,0,0,1,0
13117,0,1,1,1,0,0,0,1,0,1,0,1
13119,0,1,1,1,0,0,1,0,0,1,0,1
13121,0,1,1,1,0,0,0,1,1,0,0,1
13123,0,0,1,1,0,1,1,1,1,0,0,0
13125,0,1,1,1,0,0,1,1,0,0,0,1
13127,1,1,0,1,0,0,0,0,0,1,1,0
13129,0,1,1,1,0,0,1,0,0,1,0,1
13131,1,1,0,1,0,0,0,0,0,0,1,0
13133,0,1,1,1,0,0,0,0,0,1,1,0
13135,1,1,0,0,0,0,0,0,0,1,1,0
13137,0,1,0,1,0,0,0,0,0,1,1,0
13139,0,0,1,1,0,1,1,1,0,0,0,1
13141,0,1,1,1,0,0,1,1,0,0,0,0
13143,1,0,1,1,0,0,0,0,0,1,1,0
13145,0,1,1,1,0,0,1,0,0,1,0,1
13147,0,0,1,1,0,1,1,1,0,0,1,0
13149,1,1,0,1,0,0,0,0,0,1,1,0
13151,0,1,1,1,0,0,1,0,0,0,0,1
13153,1,1,0,0,0,0,0,0,0,1,1,0
13155,1,0,0,1,0,0,0,0,0,1,1,0
13157,0,1,1,1,0,0,0,0,0,1,1,0
13159,0,1,1,1,0,0,1,1,0,1,0,0
13161,1,1,0,1,0,0,0,0,0,1,1,0
13163,0,1,1,1,0,0,0,0,0,1,1,0
13165,1,1,0,0,0,0,0,0,0,1,1,0
13167,0,1,1,1,0,0,0,0,0,0,1,0
13169,1,1,0,1,0,0,0,0,0,0,1,0
13171,1,1,0,1,0,0,0,0,0,0,1,0
13173,0,0,1,1,0,1,1,1,0,0,0,1
13175,0,1,1,1,0,0,1,1,0,1,0,0
13177,0,0,1,1,0,1,1,0,0,0,0,1
13179,0,1,1,1,0,0,1,0,0,1,0,1
13181,0,1,1,1,0,0,1,0,1,1,0,0
13183,0,1,1,1,0,0,0,0,0,0,1,0
13185,1,1,0,0,0,0,0,0,0,1,1,0
13187,0,1,1,1,0,0,1,1,0,0,0,1
13189,0,1,1,1,0,0,1,1,0,1,0,0
13191,0,1,1,1,0,0,0,0,0,0,1,1
13193,0,1,1,1,0,0,1,0,0,1,0,1
13195,1,1,0,1,0,0,0,0,0,1,1,0
13197,0,1,1,1,0,0,1,0,0,1,0,1
13199,1,1,0,1,0,0,0,0,0,1,1,0
13201,0,1,1,1,0,0,0,1,0,0,1,0
13205,0,1,1,1,0,0,1,1,0,0,1,0
13207,0,1,0,1,0,0,0,0,0,1,1,0
13209,1,0,0,1,0,0,0,0,0,0,1,0
13211,0,1,1,1,0,0,1,1,0,1,0,0
13213,1,0,0,1,0,0,0,0,0,1,1,0
13215,0,1,1,1,0,0,0,1,0,0,0,1
13217,0,0,1,1,0,1,1,0,0,0,0,1
13219,1,0,1,1,0,0,0,0,0,1,1,0
13221,1,0,1,1,0,0,0,0,0,0,1,0
13223,0,1,1,1,0,0,0,0,0,1,1,0
13225,1,1,0,1,0,0,0,0,0,0,1,0
13227,0,1,1,1,0,0,1,0,0,1,0,1
13229,0,1,1,1,0,0,1,0,0,1,0,1
13231,0,1,1,1,0,0,1,1,0,1,0,0
13233,0,1,1,1,0,0,1,0,0,0,0,1
13235,0,1,1,1,0,0,1,0,0,1,0,1
13237,0,0,1,1,0,1,1,0,0,1,0,1
13239,0,0,1,1,0,1,1,0,0,1,0,1
13241,0,0,1,1,1,0,0,1,1,0,0,0
13243,0,1,1,1,0,0,1,1,0,1,0,0
13245,1,0,1,1,0,0,0,0,0,1,1,0
13247,0,1,1,1,0,0,0,1,0,1,0,1
13249,0,1,1,1,0,0,1,1,0,1,0,0
13251,0,1,1,1,0,0,1,1,0,0,0,1
13253,0,1,1,1,0,0,0,0,0,0,1,0
13255,0,1,1,1,0,0,1,0,0,0,0,1
13257,0,0,1,1,0,1,1,1,0,0,0,1
13259,0,1,1,1,0,0,1,1,0,1,0,0
13261,0,1,1,1,0,0,1,1,0,1,0,0
13263,1,1,0,1,0,0,0,0,0,0,1,0
13265,1,0,1,1,0,0,0,0,0,0,1,0
13267,0,0,1,1,0,1,1,1,0,0,0,1
13269,0,1,1,1,0,0,1,1,0,1,0,0
13271,1,1,0,1,0,0,0,0,0,1,1,0
13273,0,1,1,1,0,0,1,1,0,1,0,0
13275,0,1,1,1,0,0,1,0,0,1,0,1
13277,0,1,1,1,0,0,1,1,0,1,0,0
13279,0,0,1,1,0,1,1,0,1,0,0,1
13281,0,0,1,1,0,1,1,0,0,0,0,1
13283,0,1,1,1,0,0,1,1,0,0,0,1
13285,0,1,1,1,0,0,1,0,0,1,0,1
13287,1,1,0,1,0,0,0,0,0,1,1,0
13289,0,1,1,1,0,0,1,1,0,1,0,0
13291,0,1,1,1,0,0,1,0,0,0,0,1
13293,1,1,0,1,0,0,0,0,0,1,1,0
13295,0,0,1,1,0,1,1,1,0,0,0,1
13297,0,0,1,1,0,1,1,1,0,0,0,1
13299,0,1,1,1,0,0,1,1,0,0,0,1
13301,0,1,1,1,0,0,1,1,0,1,0,0
13303,0,1,1,1,0,0,1,0,0,1,0,1
13305,0,0,1,1,0,1,1,0,0,0,0,1
13307,0,1,1,1,0,0,0,0,0,0,1,0
13309,0,1,1,1,0,0,1,1,0,1,0,0
13311,0,1,1,1,0,0,1,1,0,1,0,0
13313,0,1,1,1,0,0,1,0,0,1,0,1
13315,1,0,0,1,0,0,0,0,0,1,1,0
13317,0,0,1,1,0,1,1,1,0,0,0,0
13319,0,1,1,1,0,0,1,1,0,1,0,0
13321,0,0,1,1,0,1,1,1,0,0,0,0
15001,0,0,1,1,1,0,1,1,0,0,0,0
15003,0,0,1,1,0,1,1,1,1,0,0,0
15005,0,0,0,1,0,1,0,1,1,0,0,0
15007,1,1,0,1,0,0,0,0,0,1,1,0
15009,0,0,1,1,1,0,0,1,0,0,0,0
16001,0,0,1,1,1,0,1,0,0,1,0,1
16003,1,0,0,1,0,0,0,0,0,0,1,0
16005,0,1,1,1,0,0,1,1,1,0,0,0
16007,0,0,1,1,1,0,1,1,0,0,0,1
16009,0,0,1,1,1,0,1,1,0,0,0,1
16011,0,1,1,1,0,0,1,0,1,0,0,0
16013,0,0,1,1,1,0,0,1,1,0,1,0
16015,1,0,0,1,0,0,0,0,0,0,1,0
16017,0,0,1,1,1,0,1,0,0,0,1,1
16019,0,1,1,1,0,0,1,0,1,0,0,0
16021,0,0,1,1,1,0,1,0,0,0,1,1
16023,0,1,0,1,1,0,0,1,1,0,0,0
16025,0,0,1,1,1,0,1,1,1,0,0,0
16027,0,1,0,1,1,0,1,1,1,0,0,0
16029,1,0,0,1,0,0,0,0,0,0,1,0
16031,0,1,0,1,0,1,1,1,1,0,0,0
16033,0,1,0,1,1,0,1,1,0,1,0,0
16035,1,1,0,1,0,0,0,0,0,1,1,0
16037,0,0,1,1,1,0,0,1,1,0,0,0
16039,0,0,1,1,1,0,1,1,0,0,0,1
16041,0,0,1,1,1,0,1,1,0,0,0,1
16043,0,1,0,1,1,0,1,1,1,0,0,0
16045,1,1,0,1,0,0,0,0,0,0,1,0
16047,1,0,0,1,0,0,0,0,0,0,1,0
16049,0,0,1,1,1,0,0,1,1,1,0,0
16051,0,1,0,1,1,0,0,1,1,0,0,1
16053,0,1,0,1,0,1,1,0,0,0,0,1
16055,0,1,0,1,1,0,0,1,1,0,0,1
16057,0,1,0,1,0,1,1,0,0,0,0,1
16059,0,1,0,1,0,1,1,1,1,0,0,0
16061,0,0,1,1,1,0,1,1,0,0,1,0
16063,0,1,0,1,1,0,0,1,1,0,0,1
16065,1,0,0,1,0,0,0,0,0,0,1,0
16067,0,1,1,1,0,0,1,0,1,0,0,0
16069,0,0,1,1,1,0,1,1,0,1,0,0
16071,0,1,0,1,1,0,0,1,1,0,0,0
16073,0,0,1,1,1,0,0,1,1,0,0,0
16075,0,1,1,1,0,0,1,0,1,0,0,0
16077,0,1,0,1,0,1,1,0,0,1,0,1
16079,0,0,1,1,1,0,1,0,1,0,0,1
16081,0,0,1,1,1,0,1,1,0,0,0,1
16083,0,1,0,1,1,0,1,1,1,0,0,0
16085,0,0,1,1,1,0,1,0,0,0,1,1
16087,0,1,0,1,0,1,1,1,1,0,0,0
17001,1,0,1,1,0,0,0,0,0,1,1,0
17003,0,1,1,1,0,0,1,0,0,1,0,1
17005,1,0,0,1,0,0,0,0,0,1,1,0
17007,0,1,1,1,0,0,0,0,0,1,1,0
17009,0,1,1,1,0,0,0,0,0,0,1,0
17011,0,1,1,1,0,0,0,0,0,1,1,0
17013,0,1,1,1,0,0,1,1,0,1,0,0
17015,1,1,0,1,0,0,0,0,0,1,1,0
17017,0,1,1,1,0,0,1,0,1,1,0,0
17019,0,1,1,1,0,0,1,1,0,0,0,1
17021,0,1,1,1,0,0,1,1,0,1,0,0
17023,1,1,0,1,0,0,0,0,0,1,1,0
17025,0,1,1,1,0,0,1,0,1,1,0,0
17027,0,1,1,1,0,0,1,1,0,0,0,1
17029,0,1,1,1,0,0,1,0,0,1,0,1
17031,1,1,0,0,0,0,0,0,0,1,0,0
17033,0,1,1,1,0,0,1,0,0,1,1,0
17035,0,1,1,1,0,0,1,0,0,1,0,1
17037,1,1,0,1,0,0,0,0,0,1,1,0
17039,0,1,1,1,0,0,1,0,0,1,0,0
17041,1,1,0,1,0,0,0,0,0,1,1,0
17043,0,1,1,1,0,0,1,0,0,0,0,1
17045,0,1,1,1,0,0,1,0,0,1,0,1
17047,0,1,0,1,0,1,1,0,0,1,0,0
17049,0,1,0,1,0,1,1,0,0,1,0,0
17051,1,1,0,1,0,0,0,0,0,1,1,0
17053,0,1,1,1,0,0,1,0,0,1,0,1
17055,0,1,0,1,0,1,1,0,1,0,0,1
17057,0,1,0,1,0,1,1,0,1,0,0,1
17059,0,1,0,1,0,1,1,0,0,1,0,0
17061,1,1,0,1,0,0,0,0,0,1,1,0
17063,0,1,0,1,0,0,0,0,0,1,1,0
17065,1,0,0,1,0,0,0,0,0,1,1,0
17067,0,1,0,1,0,1,1,0,1,1,0,0
17069,0,0,1,1,0,1,1,0,1,0,0,1
17071,0,1,0,1,0,1,1,0,0,1,0,0
17073,0,1,1,1,0,0,1,1,0,1,0,0
17075,0,0,1,1,0,1,1,0,0,1,0,1
17077,1,1,0,1,0,0,0,0,0,1,1,0
17079,0,1,0,1,0,1,1,0,1,1,0,0
17081,0,1,0,1,0,0,0,0,0,1,1,0
17083,0,1,1,1,0,0,1,1,0,0,0,1
17085,1,0,0,1,0,0,0,0,0,0,1,0
17087,1,1,0,0,0,0,0,0,0,1,1,0
17089,1,1,0,0,0,0,0,0,0,1,1,0
17091,0,1,1,1,0,0,1,0,0,1,0,1
17093,0,0,1,1,0,1,1,0,0,0,0,1
17095,1,1,0,1,0,0,0,0,0,1,1,0
17097,0,1,1,1,0,0,1,0,1,1,0,0
17099,0,1,1,1,0,0,1,0,0,1,0,1
17101,0,1,0,1,0,1,1,0,0,1,0,0
17103,0,0,1,1,0,1,1,0,1,0,0,1
17105,1,1,0,1,0,0,0,0,0,1,1,0
17107,1,1,0,1,0,0,0,0,0,1,1,0
17109,0,1,1,1,0,0,1,0,0,0,1,1
17111,0,0,1,1,0,1,1,1,1,0,0,0
17113,1,1,0,0,0,0,0,0,0,1,1,0
17115,0,1,1,1,0,0,1,1,0,1,0,0
17117,0,1,1,1,0,0,1,1,1,0,0,0
17119,1,0,0,1,0,0,0,0,0,1,1,0
17121,1,1,0,1,0,0,0,0,0,1,1,0
17123,0,1,1,1,0,0,1,0,0,1,0,1
17125,1,0,1,1,0,0,0,0,0,0,1,0
17127,0,1,1,1,0,0,1,0,1,1,0,0
17129,0,1,0,1,0,1,1,1,0,0,0,0
17131,1,1,0,1,0,0,0,0,0,0,1,0
17133,1,1,0,1,0,0,0,0,0,1,1,0
17135,1,1,0,1,0,0,0,0,0,1,1,0
17137,0,1,1,1,0,0,1,1,0,0,0,1
17139,0,1,1,1,0,0,1,1,0,0,0,0
17141,1,1,0,1,0,0,0,0,0,1,1,0
17143,1,1,0,1,0,0,0,0,0,1,1,0
17145,0,1,1,1,0,0,1,1,0,1,0,0
17147,0,1,1,1,0,0,1,1,0,1,0,0
17149,0,1,1,1,0,0,0,1,0,0,1,0
17151,0,1,1,1,0,0,0,0,0,0,1,0
17153,1,1,0,1,0,0,0,0,0,1,1,0
17155,1,0,0,1,0,0,0,0,0,0,1,0
17157,1,1,0,1,0,0,0,0,0,1,1,0
17159,1,1,0,1,0,0,0,0,0,1,1,0
17161,0,1,1,1,0,0,1,0,1,1,0,0
17163,1,1,0,1,0,0,0,0,0,1,0,0
17165,0,1,1,1,0,0,1,0,0,1,0,1
17167,0,1,1,1,0,0,1,1,1,0,0,0
17169,0,1,0,1,0,1,1,0,1,0,0,1
17171,0,1,1,1,0,0,1,0,0,0,0,1
17173,1,1,0,1,0,0,0,0,0,0,1,0
17175,0,1,1,1,0,0,1,1,0,0,0,1
17177,0,1,1,1,0,0,1,1,0,1,0,0
17179,0,1,1,1,0,0,1,0,0,1,0,1
17181,0,1,1,1,0,0,1,0,0,0,0,1
17183,0,1,1,1,0,0,1,0,0,1,0,1
17185,0,1,1,1,0,0,1,1,0,0,0,0
17187,1,1,0,1,0,0,0,0,0,1,1,0
17189,0,1,0,1,0,1,1,0,1,0,0,1
17191,0,1,0,1,0,1,1,0,1,0,0,1
17193,0,1,1,1,0,0,1,1,0,1,0,0
17195,0,1,1,1,0,0,1,0,0,0,0,1
17197,1,1,1,0,0,0,0,0,0,1,1,0
17199,0,0,1,1,0,1,1,1,1,0,0,0
17201,1,1,0,0,0,0,0,0,0,1,1,0
17203,0,1,1,1,0,0,1,1,0,0,0,1
18001,1,0,1,1,0,0,0,0,0,1,1,0
18003,1,1,0,1,0,0,0,0,0,0,1,0
18005,0,1,1,1,0,0,1,0,0,1,0,1
18007,0,1,1,1,0,0,1,1,0,0,0,1
18009,0,0,1,1,0,1,1,0,1,0,0,1
18011,0,1,1,1,0,0,0,0,0,1,1,0
18013,0,1,1,1,0,0,1,0,0,1,0,1
18015,0,1,1,1,0,0,1,0,0,1,0,1
18017,0,1,1,1,0,0,1,1,0,1,0,0
18019,1,1,0,1,0,0,0,0,0,1,1,0
18021,0,1,1,1,0,0,1,1,0,1,0,0
18023,0,1,1,1,0,0,1,1,0,1,0,0
18025,0,1,1,1,0,0,1,0,0,1,1,0
18027,0,0,1,1,0,1,1,1,1,0,0,0
18029,0,1,1,1,0,0,1,1,0,0,0,1
18031,0,1,1,1,0,0,1,1,0,1,0,0
18033,0,1,1,1,0,0,1,0,0,1,0,1
18035,0,1,1,1,0,0,1,1,0,0,0,1
18037,0,1,1,1,0,0,1,1,1,0,0,0
18039,0,1,0,1,0,1,1,0,0,0,1,1
18041,0,1,0,1,0,1,1,0,0,0,0,1
18043,0,1,1,1,0,0,1,1,0,1,0,0
18045,0,1,1,1,0,0,1,1,0,1,0,0
18047,0,1,1,1,0,0,1,0,0,1,0,1
18049,0,1,0,1,0,1,1,1,1,0,0,0
18051,0,1,1,1,0,0,1,1,0,1,0,0
18053,0,1,1,1,0,0,1,0,0,1,0,1
18055,1,1,0,1,0,0,0,0,0,1,1,0
18057,1,1,0,0,0,0,0,0,0,1,1,0
18059,0,1,1,1,0,0,1,0,0,1,0,1
18061,0,1,0,1,0,0,0,0,0,1,1,0
18063,0,1,1,1,0,0,1,1,0,1,0,0
18065,0,1,1,1,0,0,1,1,0,1,0,0
18067,0,1,1,1,0,0,1,1,0,1,0,0
18069,0,0,0,1,0,1,1,0,1,0,0,0
18071,0,1,0,1,0,0,0,0,0,1,1,0
18073,0,1,1,1,0,0,1,0,0,0,1,0
18075,0,1,1,1,0,0,1,1,0,1,0,0
18077,0,1,1,1,0,0,0,0,0,1,1,0
18079,0,1,1,1,0,0,1,1,0,1,0,0
18081,1,1,0,0,0,0,0,0,0,1,1,0
18083,1,1,0,1,0,0,0,0,0,0,1,0
18085,0,1,1,1,0,0,1,1,0,1,0,0
18087,0,0,0,1,0,1,1,1,0,0,0,0
18089,0,0,1,1,0,1,1,0,1,0,0,1
18091,0,0,0,1,0,1,1,0,1,0,0,0
18093,0,0,0,1,0,1,1,1,0,0,0,0
18095,0,1,0,1,0,0,0,0,0,1,1,0
18097,0,1,1,1,0,0,1,0,0,1,0,1
18099,0,0,1,1,0,1,1,1,0,0,0,0
18101,0,1,1,1,0,0,1,1,0,1,0,0
18103,0,1,1,1,0,0,1,1,0,0,0,1
18105,0,1,0,1,0,0,0,0,0,1,1,0
18107,0,1,0,1,0,1,1,0,0,1,0,0
18109,0,1,1,1,0,0,1,1,0,1,0,0
18111,0,1,1,1,0,0,1,1,0,1,0,0
18113,0,1,1,1,0,0,1,1,0,1,0,0
18115,0,1,1,1,0,0,1,1,0,1,0,0
18117,0,1,1,1,0,0,1,1,0,1,0,0
18119,0,1,1,1,0,0,1,1,0,1,0,0
18121,0,0,1,1,0,1,1,0,1,0,0,1
18123,0,1,1,1,0,0,1,1,0,0,0,0
18125,0,1,1,1,0,0,1,0,0,1,1,0
18127,1,1,0,0,0,0,0,0,0,1,1,0
18129,0,1,1,1,0,0,1,1,0,1,0,0
18131,0,1,1,1,0,0,1,1,0,1,0,0
18133,0,1,1,1,0,0,1,1,0,1,0,0
18135,0,1,1,1,0,0,0,0,0,0,1,1
18137,0,1,1,1,0,0,1,1,0,1,0,0
18139,0,1,1,1,0,0,1,1,0,1,0,0
18141,1,1,0,0,0,0,0,0,0,1,1,0
18143,0,0,1,1,0,1,1,1,0,0,0,0
18145,0,1,1,1,0,0,1,1,0,1,0,0
18147,0,1,1,1,0,0,1,0,0,1,0,1
18149,0,0,1,1,0,1,1,0,1,0,0,1
18151,0,1,1,1,0,0,1,1,0,1,0,0
18153,0,1,0,1,0,1,1,0,0,0,0,1
18155,0,1,0,1,0,1,1,0,1,0,0,1
18157,0,1,1,1,0,0,1,0,0,1,0,1
18159,0,1,1,1,0,0,1,1,0,1,0,0
18161,0,1,1,1,0,0,1,1,0,1,0,0
18163,0,1,1,1,0,0,1,1,0,0,0,1
18165,0,1,0,1,0,1,1,0,0,0,0,1
18167,0,1,1,1,0,0,1,0,0,1,0,1
18169,0,1,1,1,0,0,1,0,0,1,1,0
18171,0,0,1,1,0,1,1,1,0,0,0,0
18173,0,1,1,1,0,0,0,0,0,1,1,0
18175,0,1,1,1,0,0,1,1,0,1,0,0
18177,0,1,1,1,0,0,1,0,0,1,0,1
18179,0,1,1,1,0,0,1,1,0,1,0,0
18181,0,1,1,1,0,0,1,1,0,1,0,0
18183,0,0,1,1,0,1,1,1,0,0,0,1
19001,1,1,0,1,0,0,0,0,0,1,1,0
19003,1,1,0,1,0,0,0,0,0,0,1,0
19005,0,0,1,1,1,0,1,1,1,0,0,0
19007,1,1,0,1,0,0,0,0,0,0,1,0
19009,0,1,1,1,0,0,1,0,1,0,0,0
19011,0,1,1,1,0,0,1,1,0,1,0,0
19013,0,0,1,1,0,1,1,1,0,1,0,0
19015,1,1,0,1,0,0,0,0,0,0,1,0
19017,1,1,0,1,0,0,0,0,0,1,1,0
19019,0,1,0,1,0,1,1,0,0,0,0,1
19021,0,1,1,1,0,0,1,1,0,1,0,0
19023,0,1,1,1,0,0,1,1,1,0,0,0
19025,0,1,0,1,0,1,1,0,0,0,0,1
19027,1,1,0,1,0,0,0,0,1,0,0,0
19029,0,1,1,1,0,0,1,1,0,1,0,0
19031,1,1,0,1,0,0,0,0,0,0,1,0
19033,0,0,1,1,0,1,1,1,0,0,0,0
19035,0,0,0,1,1,1,1,0,1,0,0,0
19037,0,0,1,1,0,1,1,1,0,0,1,0
19039,1,1,0,1,0,0,1,0,1,0,0,1
19041,1,1,0,1,0,0,1,1,1,0,0,0
19043,1,1,0,1,0,0,0,0,0,1,1,0
19045,0,1,1,1,0,0,1,0,0,1,1,0
19047,0,1,0,1,0,1,1,1,1,0,0,0
19049,0,1,1,1,0,0,1,0,0,1,0,1
19051,0,1,1,1,0,0,0,1,0,0,1,0
19053,0,0,1,1,0,1,1,1,1,0,0,0
19055,0,1,1,1,0,0,1,1,1,0,0,0
19057,1,1,0,1,0,0,0,0,0,1,1,0
19059,0,0,1,1,0,1,0,1,1,0,0,0
19061,0,0,0,1,1,1,1,0,1,0,0,0
19063,0,1,1,1,0,0,1,0,1,0,0,0
19065,1,1,0,1,0,0,0,0,0,0,1,0
19067,0,1,0,1,0,1,1,1,0,0,1,0
19069,0,1,1,1,0,0,1,0,0,1,1,0
19071,0,1,1,1,0,0,1,0,1,1,0,0
19073,1,1,0,1,0,0,0,0,0,0,1,0
19075,1,1,0,1,0,0,0,0,0,0,1,0
19077,0,1,1,1,0,0,1,0,1,0,0,0
19079,1,1,0,1,0,0,0,0,0,0,1,0
19081,0,0,0,1,0,1,1,1,1,0,0,0
19083,0,0,1,1,0,1,1,1,1,0,0,0
19085,1,1,0,1,0,0,1,0,1,0,0,1
19087,1,1,0,1,0,0,1,0,1,0,1,0
19089,0,0,0,1,1,1,1,1,1,0,0,0
19091,0,0,0,1,1,1,1,0,1,0,0,0
19093,0,1,1,1,0,0,1,0,1,0,1,0
19095,1,1,0,1,0,0,0,0,0,0,1,0
19097,1,1,0,1,0,0,0,0,0,1,1,0
19099,0,1,1,1,0,0,1,1,1,0,0,0
19101,1,1,0,1,0,0,0,0,0,1,1,0
19103,1,1,0,0,0,0,0,0,0,1,1,0
19105,1,1,0,1,0,0,0,0,0,1,1,0
19107,0,0,1,1,0,1,1,1,0,1,0,0
19109,0,0,1,1,0,1,1,1,0,0,0,0
19111,0,1,0,1,0,1,1,0,0,1,0,1
19113,0,1,1,1,0,0,1,1,0,1,0,0
19115,0,1,1,1,0,0,1,1,1,0,0,0
19117,1,1,0,1,0,0,1,0,0,1,1,0
19119,0,0,0,1,1,1,1,0,1,0,0,0
19121,1,1,0,1,0,0,0,0,0,0,1,0
19123,0,0,1,1,0,1,1,1,0,1,0,0
19125,0,1,1,1,0,0,1,1,0,1,0,0
19127,0,0,0,1,1,1,1,0,1,0,0,0
19129,1,1,0,1,0,0,1,0,0,1,0,1
19131,0,1,0,1,0,1,1,0,0,1,0,0
19133,1,1,0,1,0,0,1,0,0,1,0,1
19135,0,1,1,1,0,0,1,1,1,0,0,0
19137,0,1,0,1,0,1,1,0,1,0,0,0
19139,0,1,0,1,0,1,1,1,1,0,0,0
19141,1,1,0,1,0,0,0,0,0,0,1,0
19143,0,0,1,1,0,1,1,1,1,0,0,0
19145,0,1,0,1,1,0,0,1,1,0,0,0
19147,1,1,0,1,0,0,0,0,0,0,1,0
19149,0,1,1,1,0,0,1,1,1,0,0,0
19151,0,1,0,1,1,0,0,1,1,0,0,0
19153,0,1,1,1,0,0,1,0,0,1,0,1
19155,0,1,1,1,0,0,1,1,0,0,0,0
19157,0,1,1,1,0,0,1,1,0,1,0,0
19159,0,0,1,1,0,1,1,1,0,0,0,1
19161,0,1,0,1,0,1,1,0,0,0,0,1
19163,0,1,0,1,0,1,1,1,1,0,0,0
19165,0,1,1,1,0,0,1,1,1,0,0,0
19167,0,1,1,1,0,0,1,1,1,0,0,0
19169,1,1,0,1,0,0,0,0,0,0,1,0
19171,1,1,0,1,0,0,1,1,1,0,0,0
19173,0,1,0,1,0,1,1,0,0,1,0,0
19175,0,1,0,1,0,1,1,1,0,0,0,0
19177,0,0,1,1,0,1,1,1,0,0,0,0
19179,0,1,1,1,0,0,1,0,0,1,0,1
19181,0,0,0,1,1,1,1,0,1,0,0,0
19183,0,0,0,1,1,1,1,0,1,0,0,0
19185,1,1,0,1,0,0,1,1,1,0,0,0
19187,0,1,0,1,0,1,1,0,0,1,0,0
19189,0,0,1,1,0,1,1,0,1,1,0,0
19191,0,0,0,1,1,1,1,1,1,0,0,0
19193,0,1,1,1,0,0,1,0,1,1,0,0
19195,0,1,0,1,0,1,0,1,1,0,0,1
19197,1,1,0,1,0,0,1,1,1,0,0,0
20001,0,1,0,1,0,1,1,1,0,0,0,1
20003,0,1,0,1,0,1,1,1,0,0,0,1
20005,0,1,1,1,0,0,1,1,1,0,0,0
20007,0,1,0,1,0,1,1,1,1,0,0,0
20009,1,1,0,1,0,0,1,0,0,1,0,1
20011,0,1,1,1,0,0,1,1,0,1,0,0
20013,0,1,0,1,0,1,1,0,1,0,0,0
20015,0,1,0,1,0,1,1,1,0,0,0,0
20017,0,1,1,1,0,0,1,0,1,0,0,0
20019,0,0,0,1,1,1,1,0,1,0,0,0
20021,0,0,0,1,0,1,1,1,0,0,0,0
20023,0,1,0,1,0,1,1,0,0,0,0,1
20025,0,1,0,1,0,1,1,1,1,0,0,0
20027,1,1,0,1,0,0,1,1,1,0,0,0
20029,0,1,0,1,0,1,0,1,1,0,0,0
20031,1,1,0,1,0,0,0,0,0,0,1,0
20033,1,1,0,1,0,0,0,0,1,0,1,0
20035,0,1,0,1,0,1,1,0,0,0,0,1
20037,0,0,1,1,0,1,1,1,1,0,0,0
20039,0,1,0,1,0,1,1,1,1,0,0,0
20041,0,1,1,1,0,0,1,1,0,0,0,1
20043,0,1,1,1,0,0,1,0,1,1,0,0
20045,0,1,1,1,0,0,1,0,1,0,1,0
20047,1,1,0,1,0,0,1,0,1,0,0,0
20049,0,1,1,1,0,0,1,0,1,0,0,1
20051,0,0,1,1,0,1,1,0,1,0,1,0
20053,1,1,0,1,0,0,1,1,1,0,0,0
20055,1,1,0,1,0,0,0,0,0,0,1,0
20057,0,0,1,1,0,1,1,0,1,0,0,0
20059,1,1,0,1,0,0,1,0,0,1,0,1
20061,0,1,1,1,0,0,0,1,1,0,0,1
20063,0,1,0,1,0,1,1,0,1,0,1,0
20065,1,1,0,1,0,0,0,0,0,0,1,0
20067,1,1,0,1,0,0,1,0,1,1,0,0
20069,0,1,0,1,0,1,1,1,0,0,1,0
20071,0,1,0,1,0,1,1,1,0,0,0,0
20073,1,1,0,1,0,0,1,1,1,0,0,0
20075,0,0,0,1,1,1,1,0,1,0,0,0
20077,1,1,0,1,0,0,1,1,1,0,0,0
20079,0,1,1,1,0,0,1,1,0,1,0,0
20081,0,1,0,1,0,1,1,1,0,1,0,0
20083,0,1,0,1,0,1,1,1,1,0,0,0
20085,1,1,0,1,0,0,0,0,0,0,1,0
20087,0,1,1,1,0,0,1,1,0,0,0,0
20089,0,1,0,1,0,1,1,1,1,0,0,0
20091,1,1,0,0,0,0,0,0,0,1,1,0
20093,0,1,0,1,0,1,1,0,1,0,1,0
20095,0,1,0,1,0,1,1,1,0,0,0,0
20097,0,1,0,1,0,1,1,1,1,0,0,0
20099,0,1,0,1,0,1,1,0,1,0,1,0
20101,0,1,0,1,0,1,1,1,1,0,0,0
20103,0,0,1,1,0,1,1,0,0,0,1,1
20105,0,1,0,1,0,1,1,1,1,0,0,0
20107,0,1,1,1,0,0,1,1,1,0,0,0
20109,0,1,1,1,0,0,1,1,1,0,0,0
20111,0,0,0,1,1,1,1,0,1,0,0,0
20113,0,0,0,1,0,1,1,1,0,0,0,0
20115,0,1,0,1,0,1,1,0,0,0,0,1
20117,0,0,0,1,1,1,1,0,1,0,0,0
20119,0,1,0,1,0,1,1,0,1,0,1,0
20121,0,0,1,1,0,1,1,1,1,0,0,0
20123,1,1,0,1,0,0,1,0,1,0,0,0
20125,0,0,0,1,1,1,1,0,1,0,0,0
20127,0,1,0,1,0,1,1,0,0,1,0,1
20129,0,1,0,1,0,1,1,1,1,0,0,0
20131,0,1,0,1,0,1,1,1,1,0,0,0
20133,0,0,1,1,0,1,1,1,1,0,0,0
20135,0,1,1,1,0,0,1,0,1,0,0,1
20137,1,1,0,1,0,0,1,0,0,1,0,1
20139,0,1,0,1,0,1,1,1,0,0,0,0
20141,0,1,0,1,0,1,1,0,1,1,0,0
20143,1,1,0,1,0,0,0,0,0,0,1,0
20145,0,1,0,1,0,1,1,0,0,0,0,1
20147,0,1,0,1,0,1,1,1,1,0,0,0
20149,0,1,1,1,0,0,1,0,0,0,1,0
20151,1,1,0,1,0,0,1,1,1,0,0,0
20153,0,1,0,1,0,1,1,0,0,0,1,0
20155,0,1,1,1,0,0,1,0,0,1,1,0
20157,0,1,0,1,0,1,1,1,0,0,0,1
20159,0,1,0,1,0,1,1,1,1,0,0,0
20161,0,1,1,1,0,0,1,1,0,1,0,0
20163,0,1,0,1,0,1,1,1,1,0,0,0
20165,0,1,0,1,0,1,0,1,1,0,0,0
20167,1,1,0,1,0,0,1,0,1,0,0,1
20169,0,1,1,1,0,0,1,1,0,1,0,0
20171,0,1,0,1,0,1,1,1,1,0,0,0
20173,0,1,1,1,0,0,1,0,0,1,0,1
20175,0,1,1,1,0,0,1,1,0,1,0,0
20177,0,1,1,1,0,0,1,0,0,1,1,0
20179,0,0,0,1,1,1,1,0,1,0,0,0
20181,0,1,0,1,0,1,1,1,0,0,1,0
20183,1,1,0,1,0,0,1,0,0,1,0,1
20185,0,1,0,1,0,1,1,1,0,0,0,0
20187,0,1,0,1,0,1,1,0,1,0,1,0
20189,0,1,0,1,0,1,0,1,1,0,0,1
20191,0,1,0,1,0,1,1,1,0,1,0,0
20193,0,1,0,1,0,1,1,1,1,0,0,0
20195,0,1,1,1,0,0,1,0,0,1,0,1
20197,0,1,0,1,0,1,1,1,0,0,0,0
20199,0,1,0,1,0,1,0,1,1,0,0,0
20201,0,1,0,1,1,0,1,1,0,1,0,0
20203,0,0,1,1,0,1,1,1,0,0,0,1
20205,0,1,0,1,0,1,1,1,1,0,0,0
20207,0,1,0,1,0,1,1,0,0,0,0,0
20209,0,1,0,1,0,1,1,0,1,1,0,0
21001,1,0,0,1,0,0,0,0,0,1,1,0
21003,0,1,1,1,0,0,1,1,0,0,0,1
21005,0,1,1,1,0,0,1,1,0,1,0,0
21007,0,1,1,1,0,0,1,1,0,0,0,1
21009,0,0,1,1,0,1,0,0,1,1,1,0
21011,0,0,1,1,0,1,1,1,0,1,0,0
21013,0,1,1,1,0,0,1,0,1,1,0,0
21015,0,1,1,1,0,0,0,0,0,1,1,0
21017,0,1,1,1,0,0,1,1,0,1,0,0
21019,0,1,1,1,0,0,1,1,0,1,0,0
21021,0,1,1,1,0,0,1,1,0,0,0,1
21023,0,1,1,1,0,0,1,1,0,0,0,1
21025,0,0,1,1,0,1,1,0,1,0,0,1
21027,0,1,1,1,0,0,1,1,0,0,0,1
21029,0,1,1,1,0,0,1,0,0,1,0,1
21031,0,1,1,1,0,0,1,1,0,1,0,0
21033,0,0,1,1,1,0,0,1,1,0,0,0
21035,0,1,1,1,0,0,1,0,0,1,0,1
21037,0,0,1,1,0,1,1,1,0,1,0,0
21039,0,1,1,1,0,0,1,1,0,0,0,1
21041,0,0,1,1,0,1,1,1,1,0,0,0
21043,0,0,1,1,0,1,1,1,1,0,0,0
21045,0,1,1,1,0,0,1,1,0,1,0,0
21047,0,0,1,1,0,1,1,1,0,0,0,1
21049,0,0,1,1,0,1,1,1,1,0,0,0
21051,0,0,1,1,0,1,1,1,1,0,0,0
21053,0,1,1,1,0,0,1,0,1,0,0,1
21055,0,0,1,1,1,0,1,0,0,0,1,1
21057,0,1,1,1,0,0,1,1,0,0,0,1
21059,0,0,1,1,0,1,1,1,0,1,0,0
21061,0,0,1,1,1,0,1,0,0,0,1,1
21063,0,0,1,1,0,1,1,1,1,0,0,0
21065,1,0,0,1,0,0,0,0,0,1,1,0
21067,1,0,0,1,0,0,0,0,0,1,1,0
21069,0,0,1,1,0,1,1,0,1,0,0,0
21071,0,0,1,1,0,1,1,1,0,1,0,0
21073,0,1,1,1,0,0,1,1,0,1,0,0
21075,0,1,1,1,0,0,1,1,0,1,0,0
21077,0,0,1,1,0,1,1,1,0,0,0,1
21079,0,0,1,1,0,1,1,1,0,1,0,0
21081,0,1,1,1,0,0,0,1,0,0,1,0
21083,0,0,1,1,0,1,1,1,1,0,0,0
21085,0,1,1,1,0,0,1,1,0,1,0,0
21087,0,0,1,1,0,1,1,1,0,0,0,1
21089,0,1,1,1,0,0,1,1,0,1,0,0
21091,0,1,1,1,0,0,1,1,1,0,0,0
21093,0,0,1,1,0,1,1,0,1,0,0,1
21095,0,0,1,1,1,0,0,1,1,0,0,0
21097,0,1,1,1,0,0,1,1,0,1,0,0
21099,0,0,1,1,0,1,1,1,1,0,0,0
21101,0,0,0,1,1,1,1,1,0,0,0,0
21103,0,1,1,1,0,0,1,1,0,1,0,0
21105,0,1,1,1,0,0,1,1,0,0,0,1
21107,0,1,1,1,0,0,1,1,0,1,0,0
21109,0,1,1,1,0,0,1,1,0,1,0,0
21111,0,1,1,1,0,0,1,1,0,0,0,1
21113,0,1,1,1,0,0,1,1,0,1,0,0
21115,0,1,1,1,0,0,1,1,0,1,0,0
21117,0,1,1,1,0,0,1,0,0,1,0,1
21119,1,0,1,1,0,0,1,1,0,1,0,0
21121,1,1,0,1,0,0,0,0,0,0,1,0
21123,0,0,1,1,0,1,1,1,0,0,0,1
21125,0,1,1,1,0,0,1,1,0,1,0,0
21127,0,0,1,1,0,1,1,1,1,0,0,0
21129,0,1,1,1,0,0,1,1,0,0,0,1
21131,0,0,1,1,1,0,1,0,1,0,0,1
21133,0,0,1,1,0,1,1,1,1,0,0,0
21135,0,0,1,1,1,0,1,0,1,0,0,1
21137,0,1,1,1,0,0,1,1,1,0,0,0
21139,0,0,1,1,1,0,0,1,1,0,0,1
21141,0,1,1,1,0,0,1,1,0,1,0,0
21143,0,1,1,1,0,0,1,0,0,1,0,1
21145,0,1,1,1,0,0,1,0,0,1,0,1
21147,0,0,1,1,1,0,0,1,1,0,1,0
21149,0,1,1,1,0,0,0,0,0,0,1,0
21151,0,1,1,1,0,0,1,1,0,1,0,0
21153,0,0,1,1,1,0,0,1,1,0,1,0
21155,0,1,1,1,0,0,1,1,0,1,0,0
21157,0,1,1,1,0,0,1,1,0,1,0,0
21159,0,1,1,1,0,0,1,1,0,0,0,1
21161,0,0,1,1,0,1,1,1,0,1,0,0
21163,0,1,1,1,0,0,0,0,1,0,0,1
21165,0,0,1,1,1,0,1,0,1,0,0,1
21167,1,1,0,1,0,0,0,0,0,0,1,0
21169,0,0,1,1,0,1,1,1,0,0,0,1
21171,0,1,1,1,0,0,1,1,0,1,0,0
21173,0,1,1,1,0,0,1,1,0,0,0,0
21175,0,0,1,1,1,0,1,1,0,0,0,1
21177,0,1,1,1,0,0,1,1,0,0,0,0
21179,0,0,1,1,1,0,1,0,1,1,0,0
21181,0,1,1,1,0,0,1,1,0,1,0,0
21183,0,0,1,1,0,1,1,0,1,0,0,0
21185,0,0,1,1,0,1,1,1,0,0,0,1
21187,0,1,1,1,0,0,1,1,0,1,0,0
21189,0,0,1,1,0,1,1,1,0,0,1,0
21191,0,0,1,1,0,1,1,1,0,1,0,0
21193,0,1,1,1,0,0,1,1,0,1,0,0
21195,0,0,1,1,1,0,1,1,0,1,0,0
21197,0,1,1,1,0,0,1,1,0,1,0,0
21199,0,1,1,1,0,0,1,1,0,0,0,1
21201,0,1,1,1,0,0,0,1,0,0,1,0
21203,0,0,1,1,0,1,1,0,1,0,0,1
21205,0,0,1,1,0,1,1,0,1,0,0,0
21207,0,1,1,1,0,0,1,1,0,1,0,0
21209,0,1,1,1,0,0,1,1,0,0,0,1
21211,0,1,1,1,0,0,1,0,0,1,0,1
21213,0,1,1,1,0,0,1,1,0,1,0,0
21215,0,1,1,1,0,0,1,1,0,1,0,0
21217,0,1,1,1,0,0,1,1,0,1,0,0
21219,0,1,1,1,0,0,1,1,0,1,0,0
21221,0,1,1,1,0,0,1,1,0,0,0,1
21223,0,0,1,1,0,1,1,1,0,0,0,1
21225,0,0,1,1,0,1,1,1,1,0,0,0
21227,0,0,1,1,0,1,1,1,0,0,0,1
21229,0,1,1,1,0,0,1,1,0,1,0,0
21231,0,1,1,1,0,0,1,1,0,1,0,0
21233,0,1,1,1,0,0,1,0,1,1,0,0
21235,0,0,1,1,0,1,1,1,1,0,0,0
21237,1,0,0,1,0,0,0,0,0,1,1,0
21239,0,1,1,1,0,0,1,1,1,0,0,0
22001,0,1,1,1,0,0,1,0,1,0,0,0
22003,0,1,1,1,0,0,1,0,0,1,0,1
22005,0,1,1,1,0,0,1,1,1,0,0,0
22007,0,1,1,1,0,0,0,0,0,0,1,0
22009,1,1,0,1,0,0,0,0,0,1,1,0
22011,0,0,1,1,1,0,1,0,0,0,1,1
22013,0,1,1,1,0,0,1,0,0,0,0,1
22015,0,1,1,1,0,0,1,0,0,0,1,1
22017,0,1,1,1,0,0,1,0,0,1,0,0
22019,0,1,1,1,0,0,1,0,1,0,0,0
22021,0,1,0,1,0,1,1,0,0,1,0,1
22023,0,1,0,1,0,1,1,0,0,1,0,1
22025,0,1,1,1,0,0,1,0,0,0,1,1
22027,0,1,1,1,0,0,1,0,0,1,0,1
22029,0,1,0,1,0,0,0,0,0,1,1,0
22031,0,1,1,1,0,0,1,0,0,1,0,1
22033,0,1,1,1,0,0,1,1,1,0,0,0
22035,0,1,1,1,0,0,1,0,1,1,0,0
22037,0,1,1,1,0,0,1,0,0,1,0,1
22039,1,1,0,1,0,0,0,0,0,1,1,0
22041,0,1,1,1,0,0,1,1,0,1,0,0
22043,0,1,1,1,0,0,1,0,1,1,0,0
22045,0,1,1,1,0,0,1,1,1,0,0,0
22047,0,1,1,1,0,0,1,0,0,0,1,1
22049,0,1,1,1,0,0,0,1,0,1,1,0
22051,0,1,1,1,0,0,1,0,1,0,0,0
22053,0,1,1,1,0,0,1,0,0,1,0,0
22055,1,1,0,1,0,0,0,0,0,1,0,0
22057,0,1,1,1,0,0,1,0,0,0,1,1
22059,1,1,0,1,0,0,0,0,0,1,1,0
22061,0,0,1,1,1,0,1,0,1,0,0,0
22063,0,0,1,1,0,1,1,0,1,0,0,0
22065,0,1,0,1,0,1,1,1,0,1,0,0
22067,0,1,1,1,0,0,1,0,1,0,0,0
22069,0,1,0,1,1,0,0,1,1,0,0,0
22071,0,1,1,1,0,0,0,1,1,0,0,0
22073,1,1,0,1,0,0,0,0,1,1,0,0
22075,0,0,0,1,1,1,1,0,1,1,0,0
22077,0,1,1,1,0,0,1,0,0,0,1,1
22079,0,1,1,1,0,0,1,0,1,0,0,1
22081,0,1,1,1,0,0,0,0,1,1,0,0
22083,1,1,0,1,0,0,0,0,0,1,1,0
22085,0,1,1,1,0,0,1,0,0,1,0,1
22087,0,0,1,1,0,1,1,0,1,1,0,0
22089,0,0,1,1,1,0,1,1,1,0,0,0
22091,0,1,1,1,0,0,1,0,0,1,0,1
22093,1,1,0,1,0,0,0,0,0,1,1,0
22095,0,1,1,1,0,0,1,0,1,0,0,1
22097,0,0,1,1,1,0,1,0,1,0,0,0
22099,0,1,1,1,0,0,1,1,0,0,0,1
22101,0,1,1,1,0,0,1,0,0,1,1,0
22103,1,0,1,1,0,0,0,0,0,1,1,0
22105,0,1,0,1,0,0,0,0,0,1,1,0
22107,0,1,1,1,0,0,1,0,1,0,0,1
22109,0,1,1,1,0,0,1,0,1,0,0,0
22111,0,1,1,1,0,0,1,1,0,1,0,0
22113,0,0,1,1,0,1,1,0,1,0,0,0
22115,0,0,1,1,1,0,1,0,0,1,0,1
22117,0,1,1,1,0,0,1,0,0,1,1,0
22119,0,1,1,1,0,0,0,0,0,0,1,1
22121,0,1,1,1,0,0,1,0,0,0,0,1
22123,0,1,1,1,0,0,1,1,0,1,0,0
22125,0,1,1,1,0,0,1,1,0,1,0,0
22127,0,1,1,1,0,0,1,0,1,1,0,0
23001,0,1,1,1,0,0,1,1,0,1,0,0
23003,0,0,1,1,1,0,1,0,0,1,0,1
23005,0,0,1,1,1,0,1,1,1,0,0,0
23007,0,0,1,1,1,0,0,1,0,1,0,0
23009,0,1,1,1,0,0,1,1,0,1,0,0
23011,0,1,1,1,0,0,1,0,0,1,0,0
23013,1,1,0,1,0,0,0,0,0,0,1,0
23015,0,1,0,1,0,1,1,1,0,0,0,1
23017,0,0,1,1,1,0,1,1,1,0,0,0
23019,0,0,1,1,1,0,1,0,1,0,0,0
23021,0,0,1,1,1,0,1,1,0,0,1,0
23023,0,1,0,1,0,1,1,0,1,0,0,0
23025,0,0,1,1,1,0,1,1,0,1,0,0
23027,0,0,1,1,1,0,0,1,0,1,0,1
23029,0,0,1,1,1,0,1,1,1,0,0,0
23031,0,1,1,1,0,0,1,0,1,0,0,0
24001,0,1,1,1,0,0,1,1,0,0,0,0
24003,0,1,1,1,0,0,1,0,1,0,0,1
24005,0,1,1,1,0,0,1,0,1,0,0,0
24009,0,0,1,1,0,1,1,0,1,1,0,0
24011,0,1,1,1,0,0,1,1,0,1,0,0
24013,0,1,1,1,0,0,1,0,0,1,0,1
24015,1,1,0,1,0,0,0,0,0,1,1,0
24017,0,1,1,1,0,0,1,0,1,1,0,0
24019,0,1,1,1,0,0,1,0,0,1,0,1
24021,0,0,1,1,0,1,1,0,1,0,0,1
24023,0,1,0,1,0,0,0,0,0,1,1,0
24025,1,1,0,0,0,0,0,0,0,1,1,0
24027,0,1,1,1,0,0,1,0,0,0,0,1
24029,0,1,1,1,0,0,0,0,0,1,1,0
24031,1,1,0,0,0,0,0,0,0,1,1,0
24033,0,1,1,1,0,0,1,0,1,1,0,0
24035,0,1,1,1,0,0,1,1,0,0,0,1
24037,0,1,1,1,0,0,0,0,0,0,1,0
24039,0,1,1,1,0,0,1,1,0,1,0,0
24041,1,1,0,1,0,0,0,0,0,1,1,0
24043,0,1,1,1,0,0,1,0,0,0,0,1
24045,0,1,1,1,0,0,1,1,0,0,0,1
24047,0,1,1,1,0,0,1,0,0,0,1,1
24510,0,1,0,1,0,1,1,0,1,0,0,0
25001,0,1,1,0,0,1,0,0,0,0,0,1
25003,0,1,1,1,0,0,1,0,0,1,0,1
25005,1,0,0,0,0,1,0,0,1,1,0,0
25007,1,1,0,0,0,0,0,0,0,1,1,0
25009,1,1,0,0,0,0,0,0,0,1,0,0
25011,0,1,1,1,0,0,1,1,0,0,0,1
25013,1,1,0,1,0,0,0,0,0,1,0,0
25015,1,0,0,0,0,0,0,0,0,1,1,0
25017,1,1,0,0,0,0,0,0,0,1,1,0
25019,0,0,1,1,0,0,1,0,1,0,0,0
25021,0,0,1,1,0,1,1,0,1,1,0,0
25023,0,1,1,1,0,0,1,1,0,0,0,1
25025,1,1,0,0,0,0,0,0,0,1,0,0
25027,0,1,1,1,0,0,1,1,0,0,0,1
26001,0,0,1,1,1,0,1,1,0,0,0,1
26003,0,1,0,1,1,0,1,1,0,1,0,0
26005,0,1,1,1,0,0,1,1,0,1,0,0
26007,1,1,0,1,0,0,0,0,0,0,1,0
26009,0,1,1,1,0,0,1,1,0,1,0,0
26011,0,1,0,1,0,1,1,0,0,0,0,1
26013,0,1,0,1,0,1,1,1,1,0,0,0
26015,0,1,1,1,0,0,1,1,1,0,0,0
26017,0,1,1,1,0,0,1,1,1,0,0,0
26019,0,1,0,1,1,0,0,1,1,0,0,0
26021,0,1,1,1,0,0,1,0,1,0,0,1
26023,1,1,0,1,0,0,1,0,0,1,0,0
26025,0,1,1,1,0,0,1,1,0,0,0,1
26027,0,1,1,1,0,0,1,1,0,1,0,0
26029,0,1,0,1,1,0,0,1,1,0,0,0
26031,0,1,0,1,1,0,1,1,0,1,0,0
26033,0,1,1,1,0,0,1,1,0,1,0,0
26035,0,1,0,1,1,0,1,1,0,1,0,0
26037,0,1,1,1,0,0,1,1,0,0,0,1
26039,0,1,1,1,0,0,1,0,1,0,0,0
26041,0,1,0,1,0,1,1,0,0,1,0,1
26043,0,0,1,1,1,0,1,1,0,0,0,1
26045,0,1,1,1,0,0,1,1,0,1,0,0
26047,0,0,1,1,0,1,1,0,1,1,0,0
26049,0,1,1,1,0,0,1,0,0,1,1,0
26051,0,1,0,1,0,1,1,1,1,0,0,0
26053,0,0,1,1,1,0,1,0,1,0,0,0
26055,1,1,0,1,0,0,0,0,0,1,1,0
26057,0,1,1,1,0,0,1,1,0,1,0,0
26059,0,1,1,1,0,0,1,0,1,0,0,0
26061,0,1,1,1,0,0,0,0,1,0,0,1
26063,0,0,1,1,1,0,1,1,0,0,0,1
26065,1,1,0,1,0,0,0,0,0,1,1,0
26067,0,1,1,1,0,0,1,1,1,0,0,0
26069,0,1,0,1,1,0,1,1,0,1,0,0
26071,0,1,1,1,0,0,1,0,0,0,0,1
26073,0,1,0,1,0,0,0,0,0,1,1,0
26075,1,1,0,1,0,0,0,0,0,1,1,0
26077,1,1,0,1,0,0,0,0,0,1,1,0
26079,0,1,0,1,0,1,1,0,0,1,0,0
26081,1,1,0,0,0,0,0,0,0,1,1,0
26083,1,0,0,1,0,0,0,0,0,1,1,0
26085,0,1,0,1,1,0,0,1,0,0,0,1
26087,0,0,1,1,0,1,1,1,0,0,0,0
26089,1,1,0,0,0,0,0,0,0,1,0,0
26091,1,0,0,1,0,0,0,0,0,1,1,0
26093,1,1,0,0,0,0,0,0,0,1,1,0
26095,0,1,0,1,1,0,0,1,1,0,0,0
26097,0,1,1,1,0,0,1,0,0,0,0,1
26099,0,1,1,1,0,0,1,0,1,0,0,1
26101,1,1,0,1,0,0,0,0,0,1,1,0
26103,1,1,0,1,0,0,0,0,0,0,1,0
26105,1,0,0,1,0,0,0,0,0,0,1,0
26107,0,1,1,1,0,0,1,1,1,0,0,0
26109,0,1,0,1,0,1,1,1,1,0,0,0
26111,1,1,0,1,0,0,1,0,0,1,0,1
26113,0,1,0,1,1,0,1,1,0,1,0,0
26115,1,1,0,1,0,0,0,0,0,1,1,0
26117,0,0,1,1,0,1,1,1,0,0,0,1
26119,0,1,1,1,0,0,1,1,0,1,0,0
26121,0,1,1,1,0,0,1,1,0,1,0,0
26123,0,1,0,1,1,0,0,1,1,0,1,0
26125,1,1,1,0,0,0,0,0,0,1,1,0
26127,1,1,0,1,0,0,0,0,0,1,1,0
26129,1,1,0,1,0,0,0,0,0,1,1,0
26131,0,0,0,1,1,1,0,1,1,0,0,0
26133,1,1,0,1,0,0,0,0,0,1,1,0
26135,0,1,0,1,0,0,0,0,0,1,1,0
26137,0,1,0,1,1,0,1,1,1,0,0,0
26139,1,1,0,0,0,0,0,0,0,1,1,0
26141,0,0,1,1,1,0,1,1,0,0,1,0
26143,0,1,0,1,0,0,0,0,0,0,1,0
26145,0,1,1,1,0,0,0,1,0,1,1,0
26147,1,1,0,1,0,0,0,0,0,1,1,0
26149,1,1,0,1,0,0,0,0,0,1,1,0
26151,0,1,0,1,0,1,1,1,0,0,0,0
26153,0,1,1,1,0,0,1,1,0,1,0,0
26155,0,0,0,1,0,1,1,0,1,0,0,0
26157,0,1,1,1,0,0,1,1,0,0,0,0
26159,0,1,1,1,0,0,1,1,0,1,0,0
26161,0,1,1,1,0,0,1,0,1,0,0,1
26163,0,1,1,1,0,0,1,0,1,0,0,1
26165,0,1,0,1,0,1,1,1,0,0,0,0
27001,1,1,0,1,0,0,0,0,0,1,1,0
27003,1,1,0,0,0,0,0,0,0,1,1,0
27005,0,1,1,1,0,0,1,0,0,1,1,0
27007,0,1,0,1,0,1,1,0,0,1,0,0
27009,0,1,1,1,0,0,1,1,0,0,0,1
27011,0,1,1,1,0,0,1,1,0,1,0,0
27013,0,1,1,1,0,0,1,1,0,1,0,0
27015,0,1,0,1,1,0,1,1,0,1,0,0
27017,1,0,0,1,0,0,0,0,0,1,1,0
27019,1,1,0,0,0,0,0,0,0,1,1,0
27021,0,1,1,1,0,0,1,0,0,1,1,0
27023,0,0,1,1,1,0,1,1,1,0,0,0
27025,0,0,1,1,1,0,1,1,0,1,0,0
27027,0,1,1,1,0,0,1,1,0,1,0,0
27029,1,0,0,1,0,0,0,0,0,0,1,0
27031,0,1,1,1,0,0,1,1,1,0,0,0
27033,0,1,0,1,0,1,1,0,0,1,0,0
27035,0,0,1,1,1,0,1,1,1,0,0,0
27037,0,0,1,1,0,1,1,1,1,0,0,0
27039,0,1,1,1,0,0,1,1,0,1,0,0
27041,1,1,0,1,0,0,0,0,0,1,1,0
27043,0,0,0,1,1,1,1,0,1,0,0,0
27045,0,1,0,1,0,1,1,1,0,0,0,1
27047,0,1,1,1,0,0,1,1,0,1,0,0
27049,1,1,0,1,0,0,0,0,0,1,1,0
27051,1,1,0,1,0,0,0,0,0,0,1,0
27053,0,1,1,0,0,1,0,1,0,0,0,1
27055,1,0,0,1,0,0,0,0,0,0,1,0
27057,0,0,1,1,1,0,1,1,0,0,0,0
27059,0,1,1,1,0,0,1,1,0,0,0,0
27061,1,1,0,1,0,0,0,0,0,1,1,0
27063,1,1,0,0,0,0,0,0,0,0,1,0
27065,0,1,1,1,0,0,1,1,1,0,0,0
27067,1,1,0,0,0,0,0,0,0,1,1,0
27069,1,1,0,1,0,0,0,0,0,0,1,0
27071,0,1,0,1,1,0,0,1,1,1,0,0
27073,0,0,0,1,1,1,1,1,0,0,0,0
27075,0,1,0,1,1,0,0,1,1,1,0,0
27077,0,0,1,1,1,0,1,1,0,1,0,0
27079,0,0,0,1,1,1,1,1,0,0,0,0
27081,0,1,0,1,0,1,1,0,1,1,0,0
27083,0,0,0,1,1,1,1,0,1,0,0,0
27085,1,1,0,0,0,0,0,0,0,1,1,0
27087,0,1,0,1,0,1,1,0,0,1,0,1
27089,0,1,0,1,0,1,1,0,1,1,0,0
27091,0,1,0,1,0,1,1,0,1,0,0,0
27093,1,1,0,1,0,0,1,0,1,0,0,0
27095,0,0,1,1,1,0,0,1,1,0,0,0
27097,0,1,0,1,1,0,1,1,0,1,0,0
27099,0,1,1,1,0,0,1,0,0,1,1,0
27101,0,1,0,1,1,0,1,1,1,0,0,0
27103,0,1,1,1,0,0,1,1,0,1,0,0
27105,0,0,0,1,1,1,1,0,1,0,0,0
27107,1,0,1,1,0,0,0,0,0,0,1,0
27109,1,0,0,0,0,0,0,0,0,1,1,0
27111,0,0,1,1,1,0,1,1,1,0,0,0
27113,0,1,1,1,0,0,1,0,0,0,0,1
27115,0,1,0,1,0,0,0,0,0,0,1,0
27117,0,1,0,1,1,0,1,1,0,1,0,0
27119,0,1,0,1,0,1,1,0,0,1,0,0
27121,0,1,0,1,0,1,1,0,0,1,0,0
27123,1,1,1,0,0,0,0,0,0,1,1,0
27125,0,1,0,1,0,1,1,1,0,0,1,0
27127,0,1,0,1,0,1,1,1,0,0,0,0
27129,0,1,0,1,1,0,1,1,1,0,0,0
27131,0,0,1,1,1,0,1,1,0,0,0,1
27133,0,1,0,1,0,1,1,1,1,0,0,0
27135,0,0,1,1,1,0,1,1,0,0,1,0
27137,1,1,0,1,0,0,0,0,0,1,1,0
27139,0,1,1,1,0,0,1,0,0,1,0,1
27141,0,0,1,1,0,1,1,0,0,0,0,1
27143,0,1,1,1,0,0,1,1,0,1,0,0
27145,1,1,0,0,0,0,0,0,0,1,1,0
27147,0,1,1,1,0,0,1,1,0,1,0,0
27149,0,1,1,1,0,0,1,0,0,1,1,0
27151,1,1,0,1,0,0,0,0,0,0,1,0
27153,0,1,0,1,0,1,1,0,0,1,0,0
27155,0,1,1,1,0,0,1,0,0,1,1,0
27157,0,1,1,1,0,0,1,0,1,0,0,0
27159,0,1,1,1,0,0,1,0,1,1,0,0
27161,0,0,1,1,0,1,1,1,0,1,0,0
27163,0,1,1,1,0,0,1,0,0,0,1,1
27165,0,1,0,1,0,1,1,1,1,0,0,0
27167,1,0,0,1,0,0,0,0,0,0,1,0
27169,0,1,0,1,0,0,0,0,0,1,1,0
27171,0,0,1,1,1,0,1,0,0,0,1,1
27173,0,1,0,1,1,0,1,1,0,1,0,0
28001,1,1,0,1,0,0,0,0,0,1,1,0
28003,0,1,1,1,0,0,1,1,1,0,0,0
28005,0,0,1,1,0,1,1,0,1,0,0,1
28007,1,1,0,1,0,0,0,0,0,0,1,0
28009,0,1,1,1,0,0,1,0,1,0,0,1
28011,0,0,1,1,0,1,1,0,1,0,0,0
28013,0,1,1,1,0,0,1,1,0,1,0,0
28015,0,1,1,1,0,0,1,0,0,0,1,1
28017,0,0,1,1,0,1,1,0,1,0,0,0
28019,0,1,1,1,0,0,1,1,0,1,0,0
28021,0,1,0,1,0,1,1,1,0,0,1,0
28023,0,1,1,1,0,0,1,0,0,0,1,1
28025,0,1,1,1,0,0,1,0,0,0,1,0
28027,0,1,0,1,0,1,0,1,0,0,1,0
28029,0,1,1,1,0,0,1,1,0,1,0,0
28031,0,1,1,1,0,0,1,1,0,0,1,0
28033,0,1,0,1,0,1,1,1,1,0,0,0
28035,0,1,1,1,0,0,1,0,0,0,1,1
28037,0,0,1,1,0,1,1,0,1,0,0,0
28039,1,1,0,1,0,0,0,0,0,1,1,0
28041,1,1,0,1,0,0,0,0,0,1,1,0
28043,0,1,1,1,0,0,1,0,1,1,0,0
28045,0,1,0,1,0,1,1,1,1,0,0,0
28047,0,1,1,1,0,0,1,0,1,1,0,0
28049,0,1,1,1,0,0,1,0,1,0,0,1
28051,0,1,1,1,0,0,1,0,0,0,1,1
28053,0,1,1,1,0,0,1,0,1,1,0,0
28055,0,1,1,1,0,0,1,0,0,0,1,1
28057,0,1,1,1,0,0,1,1,0,1,0,0
28059,0,1,1,1,0,0,1,0,1,1,0,0
28061,0,1,1,1,0,0,1,0,0,0,1,1
28063,0,1,1,1,0,0,0,1,0,1,1,0
28065,1,0,1,1,0,0,0,0,0,1,1,0
28067,0,1,1,1,0,0,1,1,0,1,0,0
28069,0,0,1,1,0,1,1,0,1,0,0,1
28071,0,0,1,1,0,1,1,0,1,0,0,1
28073,1,1,0,1,0,0,0,0,0,1,1,0
28075,0,1,1,1,0,0,1,0,1,1,0,0
28077,0,1,0,1,0,1,1,0,1,0,0,0
28079,0,1,1,1,0,0,1,0,0,0,1,1
28081,0,1,1,1,0,0,1,0,0,0,1,1
28083,0,1,1,1,0,0,0,1,0,1,1,0
28085,0,0,1,1,0,1,1,0,1,0,0,1
28087,0,1,1,1,0,0,0,1,0,1,0,0
28089,0,1,0,1,0,1,1,0,1,0,0,0
28091,0,1,1,1,0,0,1,0,1,1,0,0
28093,0,1,0,1,0,1,1,1,1,0,0,0
28095,0,1,1,1,0,0,1,0,1,0,0,1
28097,0,0,1,1,0,1,1,0,1,0,0,0
28099,0,1,1,1,0,0,1,0,0,1,1,0
28101,0,1,1,1,0,0,1,0,1,0,0,1
28103,0,1,1,1,0,0,1,1,0,0,1,0
28105,0,1,0,1,0,1,1,0,1,0,0,0
28107,0,1,1,1,0,0,1,1,0,0,1,0
28109,0,1,1,1,0,0,1,1,0,1,0,0
28111,0,1,1,1,0,0,1,1,0,0,1,0
28113,0,1,1,1,0,0,0,1,0,0,1,1
28115,0,1,0,1,0,1,1,1,0,0,0,0
28117,0,1,1,1,0,0,1,1,0,1,0,0
28119,0,1,1,1,0,0,1,0,0,0,1,1
28121,0,1,1,1,0,0,1,1,0,1,0,0
28123,0,1,1,1,0,0,1,0,1,1,0,0
28125,0,1,1,1,0,0,1,0,0,0,1,1
28127,0,1,1,1,0,0,0,0,0,0,1,1
28129,0,1,1,1,0,0,1,0,0,1,1,0
28131,0,1,1,1,0,0,1,1,0,1,0,0
28133,0,1,1,1,0,0,0,0,0,1,1,1
28135,0,1,1,1,0,0,1,1,0,1,0,0
28137,0,1,1,1,0,0,1,1,0,1,0,0
28139,0,1,1,1,0,0,1,1,0,1,0,0
28141,0,1,1,1,0,0,1,1,0,0,0,1
28143,0,1,0,1,0,1,1,0,1,0,0,0
28145,0,1,1,1,0,0,1,1,0,0,1,0
28147,0,1,1,1,0,0,1,1,0,0,1,0
28149,0,1,1,1,0,0,1,0,1,1,0,0
28151,0,1,1,1,0,0,1,0,1,0,0,1
28153,0,1,1,1,0,0,1,0,0,1,1,0
28155,0,1,1,1,0,0,0,1,0,0,1,0
28157,0,1,1,1,0,0,0,1,0,0,1,0
28159,0,1,1,1,0,0,0,1,0,1,1,0
28161,0,1,1,1,0,0,1,0,1,1,0,0
28163,0,1,1,1,0,0,1,0,1,1,0,0
29001,1,0,0,1,0,0,0,0,0,1,1,0
29003,0,1,1,1,0,0,1,0,0,1,0,1
29005,0,1,1,1,0,0,1,1,1,0,0,0
29007,0,1,1,1,0,0,1,1,0,1,0,0
29009,0,1,1,1,0,0,1,1,1,0,0,0
29011,1,1,0,1,0,0,1,0,0,0,0,1
29013,1,0,0,1,0,0,0,0,0,1,1,0
29015,0,1,1,1,0,0,1,0,0,1,0,1
29017,0,1,1,1,0,0,1,1,0,0,0,0
29019,0,1,0,1,0,0,0,0,0,1,1,0
29021,0,1,1,1,0,0,1,1,0,1,0,0
29023,0,1,1,1,0,0,1,1,0,1,0,0
29025,1,0,1,1,0,0,0,0,0,0,1,0
29027,0,1,1,1,0,0,1,1,0,1,0,0
29029,0,1,1,1,0,0,1,1,0,0,0,1
29031,0,1,0,1,0,1,1,0,1,0,0,0
29033,0,1,1,1,0,0,1,1,1,0,0,0
29035,0,1,1,1,0,0,1,1,0,1,0,0
29037,0,1,1,1,0,0,1,1,0,1,0,0
29039,0,0,1,1,0,1,1,0,0,0,0,1
29041,0,1,0,1,0,1,1,1,0,0,0,0
29043,0,1,1,1,0,0,1,1,0,1,0,0
29045,0,1,0,1,0,1,1,0,1,0,0,1
29047,0,1,1,1,0,0,1,1,0,1,0,0
29049,0,1,1,1,0,0,1,1,0,1,0,0
29051,1,1,0,1,0,0,0,0,0,0,1,0
29053,1,1,0,1,0,0,0,0,0,0,1,0
29055,0,1,1,1,0,0,1,1,0,1,0,0
29057,1,0,1,1,0,0,0,0,0,0,1,0
29059,1,1,0,1,0,0,0,0,0,0,1,0
29061,0,1,1,1,0,0,1,0,0,1,0,1
29063,0,1,1,1,0,0,1,1,0,1,0,0
29065,1,1,0,1,0,0,1,1,0,0,0,1
29067,1,1,0,1,0,0,1,0,0,0,1,1
29069,0,1,1,1,0,0,1,1,0,1,0,0
29071,0,1,1,1,0,0,1,1,0,0,0,1
29073,0,1,1,1,0,0,1,1,0,0,0,0
29075,1,1,0,1,0,0,0,0,0,1,1,0
29077,1,1,0,1,0,0,0,0,0,1,1,0
29079,1,0,1,1,0,0,0,0,0,0,1,0
29081,0,1,1,1,0,0,1,1,0,1,0,0
29083,0,1,1,1,0,0,1,1,0,1,0,0
29085,0,1,1,1,0,0,1,1,1,0,0,0
29087,0,1,0,1,0,1,1,1,1,0,0,0
29089,0,0,0,1,1,1,1,0,1,0,0,0
29091,0,1,1,1,0,0,1,1,0,1,0,0
29093,0,1,0,1,0,1,1,1,0,0,1,0
29095,1,1,0,0,0,0,0,0,0,1,1,0
29097,0,1,1,1,0,0,1,1,0,1,0,0
29099,0,1,1,1,0,0,0,0,0,1,1,0
29101,0,1,0,1,0,0,0,0,0,1,1,0
29103,1,1,0,1,0,0,0,0,0,1,1,0
29105,0,1,1,1,0,0,1,1,0,1,0,0
29107,0,1,1,1,0,0,1,1,0,0,0,0
29109,0,1,1,1,0,0,1,1,0,0,0,0
29111,0,1,1,1,0,0,1,1,0,1,0,0
29113,0,1,0,1,0,1,1,1,1,0,0,0
29115,0,1,0,1,0,1,1,1,1,0,0,0
29117,0,1,1,1,0,0,1,1,0,1,0,0
29119,0,1,0,1,0,1,1,0,0,0,0,1
29121,0,1,1,1,0,0,1,1,0,0,0,1
29123,0,0,1,1,0,1,1,1,1,0,0,0
29125,0,1,0,1,0,1,1,1,0,1,0,0
29127,0,1,0,1,0,1,1,0,0,0,0,1
29129,1,1,0,1,0,0,0,0,0,0,1,0
29131,0,1,1,1,0,0,0,0,0,0,1,0
29133,0,1,1,1,0,0,1,1,0,1,0,0
29135,0,0,1,1,0,1,1,1,0,0,0,0
29137,1,1,0,1,0,0,0,0,0,0,1,0
29139,0,1,1,1,0,0,1,1,0,0,0,1
29141,0,1,1,1,0,0,1,1,0,1,0,0
29143,0,1,1,1,0,0,1,1,0,0,0,1
29145,0,1,1,1,0,0,1,0,0,1,0,1
29147,1,1,0,1,0,0,0,0,0,1,1,0
29149,0,1,0,1,0,1,1,1,0,0,0,1
29151,0,0,1,1,0,1,1,1,0,1,0,0
29153,1,0,0,1,0,0,0,0,0,0,1,0
29155,0,1,1,1,0,0,1,1,0,1,0,0
29157,0,1,1,1,0,0,1,1,0,0,0,0
29159,0,1,1,1,0,0,1,1,0,1,0,0
29161,1,1,0,1,0,0,0,0,0,0,1,0
29163,0,1,1,1,0,0,1,1,0,1,0,0
29165,0,1,1,1,0,0,1,0,0,1,0,1
29167,0,1,1,1,0,0,1,0,0,0,0,1
29169,0,1,1,1,0,0,1,1,0,0,0,0
29171,0,1,0,1,0,1,1,1,0,0,0,0
29173,1,0,0,1,0,0,0,0,0,0,1,0
29175,0,1,0,1,0,1,1,1,0,1,0,0
29177,0,1,1,1,0,0,1,1,0,1,0,0
29179,0,1,0,1,0,1,1,1,0,0,0,1
29181,1,1,0,1,0,0,1,0,1,1,0,0
29183,0,0,0,1,0,1,1,1,1,0,0,0
29185,0,0,1,1,0,1,1,1,0,1,0,0
29186,0,1,1,1,0,0,1,1,0,0,0,1
29187,0,0,1,1,0,1,1,0,0,0,0,1
29189,1,0,0,1,0,0,0,0,0,1,0,0
29195,0,1,1,1,0,0,1,0,0,1,0,1
29197,0,1,1,1,0,0,1,1,0,0,0,0
29199,1,1,0,1,0,0,1,1,1,0,0,0
29201,0,1,1,1,0,0,1,1,0,1,0,0
29203,0,1,0,1,0,1,1,1,1,0,0,0
29205,0,1,1,1,0,0,1,1,0,1,0,0
29207,0,1,1,1,0,0,1,1,0,0,0,1
29209,0,1,0,1,0,1,1,1,0,1,0,0
29211,0,1,0,1,0,1,1,0,0,0,0,1
29213,0,1,0,1,1,0,0,1,1,0,0,0
29215,0,1,1,1,0,0,0,0,0,0,1,1
29217,0,1,0,1,0,1,1,0,1,0,0,0
29219,0,1,1,1,0,0,1,0,0,1,0,1
29221,0,1,1,1,0,0,1,1,0,1,0,0
29223,0,1,0,1,0,1,1,1,0,1,0,0
29225,0,1,1,1,0,0,1,1,0,1,0,0
29227,0,1,0,1,0,1,1,0,0,0,0,1
29229,0,1,1,1,0,0,1,1,0,1,0,0
29510,1,0,0,1,0,0,0,0,0,1,0,0
30001,0,0,1,1,1,0,1,1,1,0,0,0
30003,0,0,1,1,1,0,1,1,1,0,0,0
30005,0,0,0,1,1,1,1,0,1,0,0,0
30007,0,0,1,1,1,0,1,0,1,0,0,0
30009,0,1,0,1,1,0,0,1,0,0,1,0
30011,0,0,1,1,1,0,1,0,0,0,1,1
30013,0,0,1,1,1,0,1,0,1,0,1,0
30015,0,0,1,1,1,0,1,0,0,0,1,1
30017,0,0,1,1,1,0,1,0,1,0,0,0
30019,0,0,1,1,1,0,1,1,1,0,0,0
30021,0,0,0,1,1,0,1,0,1,0,0,0
30023,0,0,1,1,1,0,1,0,0,0,1,1
30025,0,0,1,1,1,0,0,1,1,0,0,0
30027,0,0,1,1,1,0,1,0,1,0,1,0
30029,0,0,0,1,1,1,1,1,1,0,0,0
30031,0,0,0,1,1,1,1,0,0,1,0,0
30033,0,0,1,1,1,0,1,0,1,0,0,0
30035,0,0,1,1,1,0,1,1,0,0,0,1
30037,0,0,1,1,1,0,1,1,0,0,0,0
30039,0,0,1,1,1,0,1,0,0,0,1,1
30041,0,0,1,1,1,0,1,1,1,0,0,0
30043,0,0,1,1,1,0,1,0,1,0,0,1
30045,0,0,1,1,1,0,1,1,0,0,1,0
30047,0,0,1,1,1,0,0,1,1,0,0,0
30049,0,0,0,1,1,1,1,0,1,0,0,0
30051,0,0,1,1,1,0,1,1,1,0,0,0
30053,0,0,1,1,1,0,1,1,0,1,0,0
30055,0,0,1,1,1,0,1,0,1,0,0,0
30057,0,0,0,1,1,1,1,0,1,0,0,0
30059,0,0,1,1,1,0,1,1,0,0,1,0
30061,0,0,1,1,1,0,1,1,1,0,0,0
30063,0,0,1,1,1,0,1,0,1,1,0,0
30065,0,0,1,1,1,0,0,1,1,0,0,0
30067,0,1,0,1,1,0,0,1,0,0,1,0
30069,1,0,0,1,0,1,0,1,0,0,1,0
30071,0,0,0,1,1,1,1,0,1,0,0,0
30073,0,0,1,1,1,0,1,0,0,0,1,1
30075,0,0,1,1,1,0,1,1,1,0,0,0
30077,0,0,0,1,1,1,1,0,1,0,0,0
30079,0,1,0,1,0,1,1,0,0,1,0,0
30081,0,0,0,1,1,1,1,0,1,0,0,0
30083,1,1,0,1,0,0,0,0,0,1,1,0
30085,0,1,0,1,0,1,1,1,1,0,0,0
30087,0,0,1,1,1,0,1,1,0,1,0,0
30089,0,0,1,1,1,0,1,0,1,1,0,0
30091,0,0,0,1,1,1,1,0,1,0,0,0
30093,0,0,1,1,1,0,1,0,1,0,0,1
30095,0,0,1,1,1,0,0,1,0,0,1,0
30097,0,0,1,1,1,0,1,0,0,0,1,1
30099,0,0,0,1,1,1,1,0,0,1,0,0
30101,0,0,1,1,1,0,0,0,1,1,1,0
30103,0,0,1,1,1,0,1,0,1,0,0,0
30105,0,0,1,1,1,0,1,0,1,0,0,0
30107,0,0,1,1,1,0,0,1,1,0,0,0
30109,0,0,1,1,1,0,1,1,0,1,0,0
30111,0,0,1,1,1,0,0,1,1,0,0,0
31001,0,1,0,1,0,1,1,0,0,1,0,1
31003,0,0,1,1,0,1,1,1,1,0,0,0
31005,1,1,0,1,0,0,0,0,0,0,1,0
31007,0,1,1,1,0,0,0,1,0,0,1,1
31009,0,1,0,1,0,1,1,1,0,0,0,0
31011,0,0,1,1,0,1,1,0,1,0,0,0
31013,0,1,0,1,0,1,1,1,1,0,0,0
31015,1,1,0,1,0,0,1,0,1,0,0,1
31017,0,1,0,1,0,1,1,0,1,0,0,1
31019,1,1,0,1,0,0,1,0,0,1,0,1
31021,0,0,1,1,0,1,1,1,1,0,0,0
31023,0,1,0,1,0,1,1,1,0,0,0,0
31025,0,1,1,1,0,0,1,0,0,1,0,1
31027,1,1,0,1,0,0,1,1,1,0,0,0
31029,0,1,0,1,0,1,1,1,1,0,0,0
31031,0,1,0,1,0,1,1,0,1,0,0,1
31033,0,1,0,1,0,1,1,1,1,0,0,0
31035,1,1,0,1,0,0,1,1,1,0,0,0
31037,0,1,1,1,0,0,1,1,0,0,0,0
31039,1,1,0,1,0,0,1,0,1,0,1,0
31041,0,1,0,1,0,1,1,0,1,0,0,0
31043,1,1,0,1,0,0,1,0,0,1,0,1
31045,0,0,1,1,0,1,1,1,1,0,0,0
31047,0,1,0,1,0,0,1,1,0,0,0,0
31049,0,1,0,1,0,1,1,1,1,0,0,0
31051,1,0,0,1,0,0,0,0,0,0,1,0
31053,0,0,1,1,0,1,1,1,0,0,0,0
31055,0,0,1,1,0,1,1,0,1,0,0,0
31057,0,1,1,1,0,0,1,0,1,1,0,0
31059,0,1,0,1,0,1,0,1,1,0,0,1
31061,0,1,0,1,0,1,1,1,0,0,0,0
31063,0,1,0,1,0,1,1,1,1,0,0,0
31065,0,1,0,1,0,1,1,1,0,0,0,0
31067,0,0,1,1,0,1,1,1,1,0,0,0
31069,0,1,0,1,0,1,1,1,1,0,0,0
31071,0,1,0,1,0,1,1,1,1,0,0,0
31073,0,1,0,1,0,1,1,0,1,0,0,1
31075,1,1,0,1,0,0,0,1,1,0,1,0
31077,0,1,0,1,0,1,1,1,1,0,0,0
31079,0,1,1,1,0,0,1,1,0,1,0,0
31081,0,1,0,1,0,1,1,1,0,0,0,0
31083,0,0,1,1,0,1,1,1,1,0,0,0
31085,1,0,0,1,0,0,0,0,0,0,1,0
31087,0,1,0,1,0,1,1,0,0,1,0,0
31089,0,1,0,1,0,1,1,1,0,0,1,0
31091,0,0,1,1,0,1,0,1,0,0,0,1
31093,0,1,0,1,0,1,1,1,1,0,0,0
31095,0,1,1,1,0,0,1,1,0,1,0,0
31097,0,1,1,1,0,0,1,1,0,1,0,0
31099,0,1,0,1,0,1,1,1,1,0,0,0
31101,0,0,1,1,0,1,1,1,1,0,0,0
31103,0,1,0,1,0,1,1,1,1,0,0,0
31105,0,1,1,1,0,0,1,1,0,0,0,1
31107,0,0,1,1,0,1,1,0,1,0,0,1
31109,1,1,0,1,0,0,0,0,0,1,1,0
31111,0,1,0,1,0,1,1,1,0,0,0,0
31113,0,1,0,1,0,1,1,1,1,0,0,0
31115,1,1,0,1,0,0,1,1,1,0,0,0
31117,0,0,0,1,1,1,1,0,1,0,0,0
31119,0,0,0,1,0,1,1,0,1,0,0,0
31121,1,1,0,1,0,0,0,0,0,0,1,0
31123,0,0,1,1,0,1,1,1,0,0,1,0
31125,0,0,1,1,0,1,1,1,1,0,0,0
31127,0,1,1,1,0,0,1,0,1,0,0,0
31129,0,0,1,1,0,1,1,0,1,1,0,0
31131,0,1,1,1,0,0,1,0,1,0,0,0
31133,0,1,1,1,0,0,1,0,1,1,0,0
31135,0,0,1,1,0,1,1,1,1,0,0,0
31137,0,1,0,1,0,1,1,0,0,1,0,0
31139,0,1,0,1,0,1,1,1,1,0,0,0
31141,1,1,0,1,0,0,1,0,0,1,0,1
31143,0,1,0,1,0,1,1,0,0,0,0,1
31145,1,1,0,1,0,0,1,1,0,0,1,0
31147,0,1,0,1,0,1,1,1,0,0,0,0
31149,1,1,0,1,0,0,1,1,0,0,0,1
31151,0,1,1,1,0,0,1,1,0,1,0,0
31153,0,1,1,1,0,0,1,1,0,1,0,0
31155,0,1,0,1,0,0,1,0,0,1,0,0
31157,0,0,1,1,0,1,1,0,1,0,0,1
31159,0,1,1,1,0,0,1,1,0,1,0,0
31161,0,0,1,1,1,0,1,0,0,0,1,1
31163,0,0,1,1,0,1,0,0,0,0,1,0
31165,0,0,1,1,1,0,1,0,0,0,1,1
31167,0,1,0,1,0,1,0,0,1,0,0,1
31169,0,1,0,1,0,1,1,1,1,0,0,0
31171,0,1,0,1,0,1,1,1,1,0,0,0
31173,0,1,0,1,0,1,1,1,1,0,0,0
31175,0,0,1,1,0,1,0,0,0,0,1,0
31177,0,0,0,1,1,1,1,0,1,0,0,0
31179,0,1,0,1,0,1,1,1,0,0,0,0
31181,0,1,0,1,0,1,1,1,0,1,0,0
31183,0,1,0,1,0,1,1,1,1,0,0,0
31185,1,1,0,1,0,0,1,1,1,0,0,0
32001,0,1,0,1,1,0,0,1,1,0,0,0
32003,1,1,0,1,0,0,0,0,0,1,1,0
32005,0,0,1,1,1,0,1,1,1,0,0,0
32007,0,0,1,1,1,0,1,1,0,0,0,0
32009,0,0,1,1,1,0,1,1,0,0,0,1
32011,0,0,1,1,1,0,1,1,0,1,0,0
32013,0,0,1,1,1,0,1,1,0,1,0,0
32015,0,1,0,1,1,0,0,1,0,1,0,1
32017,0,0,1,1,1,0,1,0,0,1,0,1
32019,0,0,1,1,1,0,1,1,1,0,0,0
32021,0,0,1,1,1,0,1,1,1,0,0,0
32023,1,0,0,1,0,0,0,0,0,1,1,0
32027,0,1,0,1,0,1,1,0,1,0,1,0
32029,1,1,0,1,0,0,0,0,0,0,1,0
32031,0,1,0,1,0,0,0,0,0,1,1,0
32033,0,1,0,1,1,0,0,1,1,1,0,0
32510,1,0,1,1,0,0,0,0,0,0,1,0
33001,1,0,0,1,0,0,0,0,0,1,1,0
33003,0,1,0,1,1,0,0,1,1,0,1,0
33005,0,0,0,1,1,1,1,1,1,0,0,0
33007,0,0,0,1,1,1,0,1,1,0,0,0
33009,0,0,0,1,1,1,1,1,1,0,0,0
33011,0,0,1,1,0,1,1,1,0,0,0,1
33013,1,1,0,0,0,0,0,0,0,1,1,0
33015,0,0,1,1,0,1,1,0,1,0,0,1
33017,0,1,0,1,0,1,0,0,0,1,1,0
33019,0,0,0,1,1,1,1,1,1,0,0,0
34001,0,1,1,1,0,0,1,0,1,1,0,0
34003,1,1,0,0,0,0,0,0,0,1,1,0
34005,0,1,1,1,0,0,1,1,1,0,0,0
34007,0,1,1,1,0,0,0,1,1,0,0,0
34009,0,1,1,1,0,0,1,0,1,0,0,1
34011,0,1,1,1,0,0,1,0,1,1,0,0
34013,0,1,1,1,0,0,1,0,1,0,0,1
34015,0,1,1,1,0,0,1,0,1,1,0,0
34017,1,0,0,0,0,0,0,0,0,1,1,0
34019,1,1,0,0,0,0,0,0,0,1,1,0
34021,1,0,1,0,0,0,0,0,0,1,1,0
34023,1,1,0,0,0,0,0,0,0,1,1,0
34025,0,1,1,1,0,0,1,0,1,0,0,1
34027,0,0,1,1,0,1,1,0,1,0,0,1
34029,0,1,1,1,0,0,1,0,1,0,0,1
34031,0,1,1,1,0,0,1,0,1,0,0,1
34033,0,1,1,1,0,0,1,0,1,1,0,0
34035,0,1,1,1,0,0,1,0,1,0,0,1
34037,0,1,1,1,0,0,1,0,0,1,0,1
34039,0,1,1,1,0,0,1,0,1,0,0,0
34041,0,1,1,1,0,0,1,1,1,0,0,0
35001,0,1,1,1,0,0,1,0,0,1,0,1
35003,0,0,1,1,1,0,1,1,0,1,0,0
35005,0,1,0,1,0,1,1,0,1,0,0,1
35006,1,1,0,1,0,0,0,0,0,1,1,0
35007,0,0,1,1,1,0,0,1,0,0,0,1
35009,1,1,0,1,0,0,0,0,0,1,1,0
35011,0,1,0,1,0,1,1,1,1,0,0,0
35013,0,1,1,1,0,0,1,0,0,0,1,1
35015,0,1,0,1,0,1,1,0,0,0,0,1
35017,0,1,1,1,0,0,1,1,1,0,0,0
35019,0,0,1,1,0,1,1,1,0,0,0,1
35021,0,1,0,1,0,1,1,1,1,0,0,0
35023,0,1,1,1,0,0,1,0,0,0,1,1
35025,0,0,0,1,1,1,1,0,1,0,0,0
35027,0,0,1,1,1,0,1,1,0,0,1,0
35028,0,0,0,1,1,1,1,0,1,0,0,0
35029,0,0,1,1,0,1,1,1,0,0,0,1
35031,0,0,1,1,1,0,1,0,0,1,1,0
35033,0,1,0,1,0,1,0,1,1,0,1,0
35035,1,1,0,1,0,0,0,0,0,1,1,0
35037,1,1,0,1,0,0,0,0,0,1,1,0
35039,1,1,0,1,0,0,0,0,0,1,1,0
35041,1,1,0,1,0,0,0,1,1,0,0,0
35043,0,0,1,1,1,0,1,0,0,0,0,1
35045,0,0,1,1,1,0,1,0,1,1,0,0
35047,0,0,1,1,1,0,1,1,0,0,0,1
35049,1,1,0,1,0,0,0,0,0,1,1,0
35051,0,1,0,1,1,0,0,1,1,0,0,0
35053,0,1,1,1,0,0,1,0,0,1,0,1
35055,1,1,0,1,0,0,0,0,0,1,1,0
35057,0,1,1,1,0,0,1,1,0,0,0,1
35059,0,1,0,1,0,1,1,1,1,0,0,0
35061,0,0,1,1,1,0,1,0,1,1,0,0
36001,1,1,0,1,0,0,0,0,0,1,1,0
36003,0,1,1,1,0,0,1,1,1,0,0,0
36005,0,1,1,1,0,0,1,0,1,0,0,0
36007,0,1,1,1,0,0,1,0,0,0,0,1
36009,0,1,0,1,0,1,1,1,0,0,0,0
36011,0,1,1,1,0,0,1,1,1,0,0,0
36013,0,1,1,1,0,0,1,1,0,0,0,0
36015,0,1,1,1,0,0,1,0,0,1,0,1
36017,0,1,0,1,0,1,1,0,0,1,0,0
36019,0,1,1,1,0,0,1,0,0,1,1,0
36021,0,1,1,1,0,0,1,1,0,1,0,0
36023,0,1,1,1,0,0,1,1,0,1,0,0
36025,0,0,1,1,0,1,1,1,1,0,0,0
36027,1,0,0,1,0,0,0,0,0,1,1,0
36029,0,1,1,1,0,0,1,0,1,1,0,0
36031,0,1,1,1,0,0,1,0,1,0,0,1
36033,0,1,1,1,0,0,1,0,0,1,0,1
36035,0,1,1,1,0,0,1,1,1,0,0,0
36037,0,0,1,1,0,1,1,0,0,1,0,1
36039,0,1,0,1,0,0,0,0,0,1,1,0
36041,1,1,0,1,0,0,0,0,0,1,1,0
36043,0,1,1,1,0,0,1,1,1,0,0,0
36045,1,0,0,0,0,0,0,0,0,1,1,0
36047,1,1,0,0,0,0,0,0,0,1,1,0
36049,0,0,1,1,0,1,1,1,0,0,0,0
36051,1,1,0,0,0,0,0,0,0,1,1,0
36053,1,0,0,0,0,0,0,0,0,1,1,0
36055,1,1,0,0,0,0,0,0,0,1,1,0
36057,1,1,1,0,0,0,0,0,0,1,1,0
36059,0,1,1,0,0,0,0,0,1,0,0,1
36061,1,0,0,0,0,0,0,0,0,1,1,0
36063,1,1,0,1,0,0,0,0,0,1,1,0
36065,0,1,1,1,0,0,1,0,1,1,0,0
36067,1,1,0,1,0,0,0,0,0,1,1,0
36069,0,1,1,1,0,0,1,1,0,1,0,0
36071,0,1,1,1,0,0,1,0,1,0,0,1
36073,0,1,1,1,0,0,1,1,0,0,0,0
36075,1,1,0,1,0,0,0,0,0,1,1,0
36077,1,0,0,1,0,0,0,0,0,1,1,0
36079,0,0,1,1,0,1,1,0,1,0,0,0
36081,0,1,1,1,0,0,1,0,1,0,0,1
36083,0,1,1,0,0,0,1,1,0,0,0,1
36085,1,1,1,0,0,0,0,0,0,1,0,0
36087,0,1,1,1,0,0,1,0,1,0,0,1
36089,1,1,0,1,0,0,0,0,0,1,1,0
36091,1,1,0,1,0,0,0,0,0,1,0,0
36093,0,1,0,1,0,1,1,0,1,1,0,0
36095,0,1,0,1,1,0,1,1,1,0,0,0
36097,0,1,0,1,0,1,1,1,0,1,0,0
36099,0,1,1,1,0,0,1,1,0,1,0,0
36101,0,1,1,1,0,0,1,1,1,0,0,0
36103,0,1,1,1,0,0,1,1,1,0,0,0
36105,0,0,1,1,1,0,0,1,1,0,0,1
36107,0,1,0,1,0,1,1,0,1,0,1,0
36109,1,0,0,0,0,0,0,0,0,1,1,0
36111,0,0,1,1,0,1,1,0,1,1,0,0
36113,1,1,0,1,0,0,0,0,0,1,1,0
36115,0,1,0,1,1,0,1,1,1,0,0,0
36117,0,1,1,1,0,0,1,0,1,1,0,0
36119,0,0,1,1,0,1,0,0,1,0,0,0
36121,1,1,0,1,0,0,0,0,0,0,1,0
36123,0,0,1,1,1,0,1,1,1,0,0,0
37001,0,1,1,1,0,0,1,0,0,1,0,1
37003,0,1,1,1,0,0,1,1,0,1,0,0
37005,0,1,1,1,0,0,1,0,0,1,0,1
37007,0,1,1,1,0,0,1,1,1,0,0,0
37009,0,0,1,1,1,0,1,1,0,0,0,1
37011,0,0,1,1,1,0,1,1,0,1,0,0
37013,0,1,0,1,0,0,0,0,0,1,1,0
37015,0,1,1,1,0,0,1,0,1,1,0,0
37017,0,1,1,1,0,0,1,0,0,1,0,1
37019,0,1,1,1,0,0,1,0,1,0,0,1
37021,1,1,0,0,0,0,0,0,0,1,1,0
37023,0,1,1,1,0,0,1,0,0,1,0,1
37025,0,0,0,1,0,1,1,0,1,0,0,1
37027,1,0,1,1,0,0,0,0,0,1,1,0
37029,0,0,1,1,1,0,1,1,0,1,0,0
37031,0,0,1,1,0,1,1,0,1,0,0,1
37033,0,1,1,1,0,0,1,1,0,1,0,0
37035,0,0,1,1,0,1,1,0,0,0,0,1
37037,0,1,1,1,0,0,1,0,0,1,0,1
37039,0,0,1,1,1,0,1,1,0,0,0,0
37041,0,1,1,1,0,0,1,0,1,0,0,0
37043,0,1,1,1,0,0,1,1,0,1,0,0
37045,0,1,0,1,0,1,1,0,1,0,0,0
37047,0,1,1,1,0,0,1,0,0,1,0,0
37049,0,1,1,1,0,0,0,1,1,0,0,1
37051,0,1,1,1,0,0,1,0,0,0,1,1
37053,0,0,1,1,0,1,1,1,0,0,0,0
37055,0,1,0,1,0,1,1,0,1,0,0,1
37057,1,1,0,0,0,0,0,0,0,1,1,0
37059,0,0,1,1,0,1,1,0,1,1,0,0
37061,0,1,1,1,0,0,1,0,1,1,0,0
37063,1,1,0,1,0,0,0,0,0,1,0,0
37065,1,1,0,1,0,0,0,0,0,1,1,0
37067,0,1,0,1,0,1,1,0,1,0,0,1
37069,0,1,1,1,0,0,1,0,1,0,0,1
37071,0,1,1,1,0,0,1,0,0,1,0,1
37073,0,1,1,1,0,0,1,1,0,1,0,0
37075,0,1,0,1,0,0,0,0,0,1,1,0
37077,0,1,1,1,0,0,0,0,0,0,1,0
37079,1,0,0,1,0,0,0,0,0,0,1,0
37081,1,1,0,0,0,0,0,0,0,1,0,0
37083,0,1,1,1,0,0,1,0,0,1,0,1
37085,0,1,1,1,0,0,1,0,0,1,0,1
37087,0,0,1,1,1,0,1,1,0,0,0,1
37089,0,1,1,1,0,0,1,1,0,1,0,0
37091,0,1,1,1,0,0,1,1,0,1,0,0
37093,0,1,1,1,0,0,1,1,0,0,0,0
37095,0,1,1,1,0,0,1,1,0,1,0,0
37097,0,1,1,1,0,0,1,0,0,1,0,1
37099,0,1,0,1,0,0,0,0,0,1,1,0
37101,0,1,0,1,0,1,1,1,0,0,0,0
37103,0,1,1,1,0,0,1,0,0,0,0,1
37105,0,1,1,1,0,0,1,0,0,1,0,1
37107,0,0,0,1,1,1,1,0,1,0,0,0
37109,0,1,1,1,0,0,1,1,0,1,0,0
37111,0,1,1,1,0,0,1,0,1,1,0,0
37113,0,0,1,1,0,1,1,1,0,1,0,0
37115,0,0,1,1,1,0,1,1,0,0,0,0
37117,0,0,1,1,1,0,1,1,0,1,0,0
37119,0,1,1,1,0,0,0,0,1,0,0,1
37121,0,0,0,1,1,1,1,0,1,0,0,0
37123,0,1,1,1,0,0,1,1,0,1,0,0
37125,1,1,0,0,0,0,0,0,0,1,1,0
37127,0,1,1,1,0,0,1,0,0,1,0,1
37129,0,1,1,1,0,0,0,1,1,0,0,1
37131,0,0,1,1,1,0,1,1,0,1,0,0
37133,0,0,0,1,1,1,1,1,1,0,0,0
37135,0,1,1,1,0,0,1,0,0,0,1,1
37137,0,0,1,1,1,0,1,0,0,0,0,1
37139,0,1,1,1,0,0,1,1,0,1,0,0
37141,0,1,1,1,0,0,1,0,0,1,0,1
37143,0,1,1,1,0,0,1,0,0,0,0,1
37145,1,1,0,1,0,0,0,0,0,1,1,0
37147,0,1,1,1,0,0,1,1,0,1,0,0
37149,0,1,1,1,0,0,1,0,0,1,0,1
37151,0,1,1,1,0,0,1,0,0,0,1,0
37153,0,1,0,1,0,0,0,0,0,1,1,0
37155,1,1,0,1,0,0,0,0,0,1,1,0
37157,0,0,0,1,0,1,1,0,0,0,0,1
37159,0,0,1,1,0,1,1,1,0,0,0,1
37161,0,0,1,1,0,1,1,0,1,0,0,1
37163,0,1,1,1,0,0,1,1,0,1,0,0
37165,0,1,1,1,0,0,1,0,0,1,0,1
37167,0,1,1,1,0,0,1,1,0,1,0,0
37169,0,1,1,1,0,0,1,1,0,1,0,0
37171,0,1,1,1,0,0,1,0,0,1,0,1
37173,0,0,1,1,1,0,0,1,1,0,0,0
37175,0,0,1,1,1,0,1,1,0,1,0,0
37177,0,0,1,1,1,0,1,1,0,0,0,0
37179,0,1,1,1,0,0,1,0,1,0,0,1
37181,0,1,1,1,0,0,1,0,0,0,1,0
37183,0,1,1,1,0,0,0,1,1,0,0,1
37185,0,1,1,1,0,0,1,1,0,1,0,0
37187,0,0,1,1,1,0,1,1,0,0,0,0
37189,0,0,1,1,0,1,0,1,0,0,0,1
37191,1,1,0,1,0,0,0,0,0,1,1,0
37193,0,0,1,1,0,1,1,1,0,0,0,1
37195,0,1,1,1,0,0,1,0,0,1,0,1
37197,0,1,1,1,0,0,1,1,0,1,0,0
37199,0,0,1,1,1,0,1,1,0,0,0,1
38001,0,1,0,1,0,1,0,1,1,0,0,0
38003,0,1,0,1,0,1,1,0,1,0,0,0
38005,1,0,0,1,0,0,0,0,0,0,1,0
38007,0,0,1,1,0,0,1,1,0,1,0,0
38009,0,0,0,1,1,1,1,1,1,0,0,0
38011,1,0,0,1,0,0,0,0,0,0,1,0
38013,0,1,0,1,0,1,1,1,1,0,0,0
38015,0,0,0,1,1,1,1,0,1,0,0,0
38017,0,1,1,1,0,0,1,0,0,0,1,1
38019,0,1,0,1,0,1,1,0,1,0,0,1
38021,0,1,0,1,0,1,1,1,1,0,0,0
38023,0,1,0,1,0,1,1,0,0,1,0,0
38025,0,0,0,1,1,1,1,0,1,0,0,0
38027,0,1,0,1,0,1,1,0,0,0,0,1
38029,0,1,0,1,0,1,1,0,0,1,0,0
38031,1,1,0,1,0,0,0,0,0,0,1,0
38033,0,1,0,1,1,0,1,0,1,0,0,0
38035,0,0,0,1,1,1,1,0,1,0,0,0
38037,0,1,0,1,0,1,1,0,1,0,0,0
38039,0,1,0,1,0,0,1,0,0,1,0,0
38041,0,0,0,1,1,1,1,1,1,0,0,0
38043,0,1,0,1,0,1,1,1,1,0,0,0
38045,0,0,1,1,0,1,1,1,1,0,0,0
38047,0,1,0,1,0,1,1,1,1,0,0,0
38049,0,0,1,1,1,0,1,0,1,0,0,1
38051,0,0,0,1,1,1,1,0,1,0,0,0
38053,0,0,0,1,1,1,1,0,1,0,0,0
38055,0,1,0,1,0,1,1,1,1,0,0,0
38057,1,1,0,1,0,0,0,0,0,0,1,0
38059,0,0,1,1,1,0,0,1,1,0,1,0
38061,0,1,0,1,0,1,1,1,0,1,0,0
38063,0,0,0,1,1,1,1,0,1,0,0,0
38065,0,1,0,1,0,1,1,1,1,0,0,0
38067,0,0,0,1,1,1,1,0,1,0,0,0
38069,0,1,0,1,0,1,1,1,1,0,0,0
38071,0,1,0,1,1,0,1,1,1,0,0,0
38073,0,1,1,1,0,0,1,0,0,1,0,1
38075,0,0,0,1,1,1,1,0,1,0,0,0
38077,1,0,0,1,0,0,0,0,0,0,1,0
38079,0,1,0,1,0,1,1,1,1,0,0,0
38081,0,0,1,1,1,0,1,1,1,0,0,0
38083,0,0,0,1,1,1,1,0,1,0,0,0
38085,0,1,0,1,0,1,1,1,1,0,0,0
38087,0,1,0,1,0,1,1,1,1,0,0,0
38089,0,0,0,1,1,1,1,1,1,0,0,0
38091,0,1,0,1,0,1,1,0,0,1,0,1
38093,0,0,0,1,1,1,1,0,1,0,0,0
38095,0,1,0,1,0,1,1,1,1,0,0,0
38097,0,1,1,1,0,0,1,0,1,1,0,0
38099,0,1,0,1,0,1,1,1,1,0,0,0
38101,0,0,1,1,0,1,0,1,0,0,1,0
38103,0,1,0,1,0,1,1,0,1,0,0,0
38105,0,0,0,1,1,1,1,0,1,0,0,0
39001,0,1,0,1,0,0,0,0,0,1,1,0
39003,1,1,0,1,0,0,0,0,0,1,1,0
39005,0,1,1,1,0,0,1,0,1,0,0,1
39007,0,0,1,1,0,1,1,0,1,1,0,0
39009,0,1,1,1,0,0,1,1,0,1,0,0
39011,0,1,1,1,0,0,1,1,0,1,0,0
39013,0,0,1,1,0,1,1,1,0,1,0,0
39015,0,1,1,1,0,0,1,1,0,1,0,0
39017,0,1,1,1,0,0,1,0,0,0,0,1
39019,0,1,1,1,0,0,1,0,0,1,0,1
39021,0,1,1,1,0,0,1,1,0,1,0,0
39023,1,1,0,1,0,0,0,0,0,1,1,0
39025,1,1,0,1,0,0,0,0,0,1,1,0
39027,0,1,1,1,0,0,1,1,0,1,0,0
39029,1,1,0,1,0,0,1,1,0,1,0,0
39031,0,1,0,1,0,1,1,0,0,0,1,1
39033,0,1,1,1,0,0,1,1,0,1,0,0
39035,1,1,0,0,0,0,0,0,0,1,0,0
39037,0,1,1,1,0,0,1,1,0,1,0,0
39039,1,1,0,1,0,0,1,1,0,1,0,0
39041,0,1,1,1,0,0,1,1,0,0,0,1
39043,0,1,1,1,0,0,1,1,0,1,0,0
39045,0,1,1,1,0,0,1,1,0,0,0,1
39047,1,0,1,1,0,0,0,0,0,1,1,0
39049,0,1,1,1,0,0,1,1,0,0,0,1
39051,0,1,0,1,0,1,1,1,0,0,0,1
39053,0,1,0,1,0,1,1,0,0,0,0,1
39055,0,1,1,1,0,0,0,0,0,1,1,0
39057,0,1,0,1,0,0,0,0,0,1,1,0
39059,1,1,0,1,0,0,0,0,0,1,1,0
39061,1,1,0,1,0,0,0,0,0,1,1,0
39063,0,1,1,1,0,0,1,1,0,1,0,0
39065,0,1,1,1,0,0,1,1,0,1,0,0
39067,0,1,0,1,0,0,0,0,0,1,1,0
39069,0,1,1,1,0,0,1,1,0,1,0,0
39071,0,1,0,1,0,1,1,1,0,0,0,0
39073,1,1,0,1,0,0,1,1,1,0,0,0
39075,0,1,1,1,0,0,0,0,0,0,1,0
39077,0,1,1,1,0,0,1,1,0,1,0,0
39079,1,1,0,1,0,0,0,0,0,1,1,0
39081,1,1,0,1,0,0,0,0,0,1,1,0
39083,1,1,0,1,0,0,0,0,0,1,1,0
39085,0,1,1,1,0,0,0,1,1,0,0,1
39087,0,1,1,1,0,0,1,1,1,0,0,0
39089,0,1,1,1,0,0,1,0,0,1,0,1
39091,1,1,0,1,0,0,0,0,0,1,1,0
39093,0,1,1,1,0,0,1,0,1,1,0,0
39095,0,1,1,1,0,0,1,0,0,0,0,1
39097,1,1,0,1,0,0,0,0,0,1,1,0
39099,0,1,1,1,0,0,1,0,1,0,0,0
39101,0,1,1,1,0,0,1,0,0,1,0,1
39103,0,1,1,1,0,0,1,1,0,1,0,0
39105,0,1,1,1,0,0,1,1,1,0,0,0
39107,1,1,0,1,0,0,0,0,0,0,1,0
39109,0,1,1,1,0,0,1,0,1,0,0,1
39111,1,1,0,1,0,0,0,0,0,1,1,0
39113,1,1,0,0,0,0,0,0,0,1,0,0
39115,0,1,1,1,0,0,1,1,0,1,0,0
39117,0,1,1,1,0,0,1,1,0,1,0,0
39119,0,0,1,1,0,1,1,1,1,0,0,0
39121,0,1,1,1,0,0,1,1,0,1,0,0
39123,1,1,0,0,0,0,0,0,0,1,1,0
39125,1,1,0,1,0,0,0,0,0,1,1,0
39127,0,1,1,1,0,0,1,1,0,1,0,0
39129,0,1,1,1,0,0,1,1,0,1,0,0
39131,0,1,1,1,0,0,1,1,0,1,0,0
39133,0,1,1,1,0,0,1,0,0,0,0,1
39135,1,0,1,1,0,0,0,0,0,1,1,0
39137,0,1,1,1,0,0,1,1,1,0,0,0
39139,1,1,0,0,0,0,0,0,0,1,1,0
39141,0,0,1,1,0,1,1,0,1,1,0,0
39143,0,1,1,1,0,0,1,0,1,1,0,0
39145,0,1,1,1,0,0,1,1,0,1,0,0
39147,0,1,0,1,0,0,0,0,0,1,1,0
39149,1,1,0,1,0,0,0,0,0,1,1,0
39151,0,1,1,1,0,0,1,0,0,0,0,1
39153,0,1,1,1,0,0,0,1,1,0,0,1
39155,0,1,1,1,0,0,1,1,0,0,0,1
39157,0,0,1,1,0,1,1,1,0,0,0,0
39159,0,1,1,1,0,0,1,0,0,1,0,1
39161,1,1,0,1,0,0,1,1,0,0,1,0
39163,0,1,0,1,0,1,1,1,1,0,0,0
39165,1,1,0,0,0,0,0,0,0,1,1,0
39167,0,1,0,1,0,1,1,0,0,1,0,0
39169,0,1,0,1,0,0,0,0,0,1,1,0
39171,0,0,1,1,0,1,1,1,0,0,0,1
39173,0,1,1,1,0,0,0,0,0,1,1,0
39175,1,0,0,1,0,0,0,0,0,0,1,0
40001,1,0,0,1,0,0,0,0,0,1,1,0
40003,0,1,1,1,0,0,1,1,1,0,0,0
40005,0,1,0,1,0,1,1,0,0,0,0,1
40007,0,1,0,1,0,1,1,1,0,0,0,0
40009,0,1,0,1,0,1,1,0,0,1,0,1
40011,0,1,0,1,0,1,1,0,0,1,0,1
40013,0,1,1,1,0,0,1,0,0,1,0,1
40015,0,0,1,1,0,1,1,1,1,0,0,0
40017,0,1,1,1,0,0,1,0,0,1,0,1
40019,0,1,1,1,0,0,1,1,0,1,0,0
40021,0,1,0,1,1,0,1,1,0,1,0,0
40023,0,1,1,1,0,0,1,1,0,1,0,0
40025,0,0,1,1,1,0,1,0,0,1,0,1
40027,0,0,0,1,1,1,1,0,1,0,1,0
40029,0,0,1,1,0,1,1,0,0,0,0,1
40031,1,1,0,1,0,0,0,0,0,1,1,0
40033,0,0,1,1,0,1,1,0,0,0,0,1
40035,0,1,1,1,0,0,1,0,0,0,1,0
40037,0,0,1,1,0,1,1,1,0,1,0,0
40039,0,1,0,1,0,1,1,1,1,0,0,0
40041,0,1,0,1,0,1,1,1,0,0,0,1
40043,0,1,0,1,0,1,1,1,1,0,0,0
40045,0,1,0,1,0,1,1,1,1,0,0,0
40047,0,1,0,1,0,1,1,0,0,0,0,1
40049,0,1,1,1,0,0,1,1,0,1,0,0
40051,0,1,1,1,0,0,1,1,0,1,0,0
40053,1,1,0,1,0,0,1,1,0,0,0,1
40055,1,0,0,1,0,0,0,0,0,1,1,0
40057,0,1,0,1,0,1,1,0,0,0,0,1
40059,1,1,0,1,0,0,1,0,0,1,0,0
40061,0,1,0,1,0,1,1,1,0,1,0,0
40063,0,1,0,1,0,1,1,1,1,0,0,0
40065,0,1,0,1,0,1,1,0,0,0,0,1
40067,0,1,1,1,0,0,1,1,0,0,0,0
40069,0,1,0,1,0,1,1,0,0,1,0,1
40071,0,1,1,1,0,0,1,1,0,1,0,0
40073,0,1,1,1,0,0,1,1,0,0,0,1
40075,0,1,0,1,0,1,1,1,1,0,0,0
40077,0,1,1,1,0,0,1,0,0,0,0,1
40079,0,1,0,1,0,1,1,0,0,0,0,1
40081,0,1,0,1,0,1,1,1,1,0,0,0
40083,0,1,1,1,0,0,1,1,0,1,0,0
40085,0,0,1,1,1,0,1,0,1,0,0,1
40087,0,1,1,1,0,0,1,0,0,1,0,1
40089,0,1,0,1,1,0,1,1,1,0,0,0
40091,0,1,1,1,0,0,1,1,0,1,0,0
40093,1,1,0,1,0,0,0,0,0,1,1,0
40095,0,1,1,1,0,0,1,1,0,1,0,0
40097,0,1,0,1,0,1,1,0,0,0,0,1
40099,0,1,0,1,0,1,1,1,1,0,0,0
40101,0,1,1,1,0,0,1,0,1,1,0,0
40103,0,1,1,1,0,0,1,1,0,0,0,1
40105,0,1,0,1,0,1,1,0,1,0,0,1
40107,0,1,1,1,0,0,1,1,0,1,0,0
40109,0,1,1,1,0,0,1,0,0,1,0,1
40111,0,1,1,1,0,0,1,1,0,1,0,0
40113,0,1,1,1,0,0,1,1,0,1,0,0
40115,1,1,0,1,0,0,0,0,0,0,1,0
40117,0,1,0,1,0,1,1,0,0,0,0,1
40119,0,1,1,1,0,0,1,1,0,1,0,0
40121,0,1,0,1,1,0,1,1,0,1,0,0
40123,0,1,1,1,0,0,1,1,0,1,0,0
40125,0,1,1,1,0,0,1,1,0,0,0,0
40127,1,1,0,1,0,0,0,0,0,1,1,0
40129,0,1,0,1,0,1,1,1,0,0,0,1
40131,0,0,1,1,1,0,1,1,1,0,0,0
40133,0,1,0,1,0,1,0,1,1,0,0,0
40135,0,1,1,1,0,0,1,1,0,0,0,1
40137,0,1,1,1,0,0,1,1,0,1,0,0
40139,0,1,1,1,0,0,1,0,0,1,0,1
40141,0,1,1,1,0,0,1,1,0,1,0,0
40143,0,1,1,1,0,0,1,0,0,0,0,1
40145,0,1,1,1,0,0,1,0,0,1,0,1
40147,0,1,0,1,0,1,1,0,0,0,0,1
40149,0,1,0,1,0,1,1,0,0,0,0,1
40151,0,1,1,1,0,0,1,1,0,0,0,1
40153,1,1,0,1,0,0,0,0,0,0,1,0
41001,0,0,1,1,1,0,1,1,0,0,0,1
41003,1,1,0,0,0,0,0,0,0,1,1,0
41005,1,1,0,1,0,0,0,0,0,1,1,0
41007,1,1,0,0,0,0,0,0,0,1,1,0
41009,0,0,0,1,1,1,1,1,0,0,0,0
41011,0,1,0,1,1,0,1,1,1,0,0,0
41013,0,1,0,1,0,1,1,0,1,1,0,0
41015,1,1,0,1,0,0,0,0,0,1,1,0
41017,1,1,0,0,0,0,0,0,0,1,0,0
41019,1,1,0,1,0,0,0,0,0,1,1,0
41021,1,0,0,1,0,0,0,0,0,0,1,0
41023,0,1,0,1,1,0,0,1,1,0,0,1
41025,1,1,0,1,0,0,0,0,0,1,1,0
41027,0,1,0,1,1,0,0,1,1,0,0,1
41029,1,1,0,1,0,0,0,0,0,1,1,0
41031,1,1,0,1,0,0,0,0,0,1,1,0
41033,1,1,0,1,0,0,0,0,0,1,1,0
41035,0,0,0,1,1,1,1,0,1,0,0,0
41037,0,0,1,1,1,0,1,0,1,0,0,1
41039,1,1,0,1,0,0,0,0,0,1,0,0
41041,0,1,0,1,0,1,1,0,1,0,0,1
41043,1,1,0,0,0,0,0,0,0,1,1,0
41045,0,0,1,1,1,0,1,0,1,1,0,0
41047,0,1,1,1,0,0,1,1,0,0,0,1
41049,1,0,0,1,0,0,0,0,0,0,1,0
41051,1,1,0,0,0,0,0,0,0,1,1,0
41053,0,1,0,1,0,1,1,0,0,0,0,1
41055,0,0,1,1,1,0,0,1,0,0,1,0
41057,1,0,0,1,0,0,0,0,0,1,1,0
41059,1,1,0,1,0,0,0,0,0,1,1,0
41061,0,1,0,1,0,1,1,1,0,0,0,1
41063,0,0,0,1,1,1,1,1,1,0,0,0
41065,0,1,0,1,1,0,0,1,1,0,0,1
41067,0,0,1,1,1,0,1,0,1,1,0,0
41069,0,1,0,1,0,1,1,0,0,1,0,0
41071,0,1,0,1,1,0,1,1,0,1,0,0
42001,1,0,1,1,0,0,0,0,0,1,1,0
42003,0,1,1,1,0,0,0,0,1,0,0,1
42005,1,1,0,1,0,0,0,0,0,1,1,0
42007,1,0,1,1,0,0,0,0,0,1,1,0
42009,1,0,0,1,0,0,0,0,0,0,1,0
42011,0,1,1,1,0,0,1,1,0,0,0,1
42013,0,1,1,1,0,0,1,0,0,1,1,0
42015,0,1,1,1,0,0,1,1,0,0,0,1
42017,1,0,0,1,0,0,0,0,0,1,1,0
42019,0,1,1,1,0,0,1,1,1,0,0,0
42021,0,1,1,1,0,0,1,1,0,0,1,0
42023,0,1,1,1,0,0,1,1,0,1,0,0
42025,1,1,0,1,0,0,0,0,0,1,1,0
42027,0,1,1,1,0,0,1,0,0,1,0,0
42029,0,1,1,1,0,0,1,1,0,0,0,1
42031,0,1,1,1,0,0,1,0,0,1,1,0
42033,1,0,0,1,0,0,0,0,0,1,1,0
42035,0,1,1,1,0,0,1,0,0,1,0,1
42037,0,1,1,1,0,0,1,0,1,1,0,0
42039,0,1,1,1,0,0,1,0,0,1,1,0
42041,0,1,1,1,0,0,1,1,0,0,0,1
42043,1,1,0,0,0,0,0,0,0,1,0,0
42045,0,1,1,1,0,0,1,0,1,1,0,0
42047,1,0,0,1,0,0,0,0,0,0,1,0
42049,0,1,1,1,0,0,1,0,1,1,0,0
42051,0,1,0,1,0,0,0,0,0,1,1,0
42053,0,0,1,1,1,0,0,1,0,1,1,0
42055,0,1,1,1,0,0,0,0,0,0,1,1
42057,0,1,0,1,0,1,1,0,1,0,0,1
42059,1,1,0,1,0,0,0,0,0,1,1,0
42061,0,1,1,1,0,0,1,1,0,0,0,0
42063,0,1,1,1,0,0,1,1,1,0,0,0
42065,1,1,0,1,0,0,0,0,0,1,1,0
42067,0,1,1,1,0,0,1,1,1,0,0,0
42069,0,1,1,1,0,0,1,1,0,0,0,0
42071,1,1,0,1,0,0,0,0,0,0,1,0
42073,0,1,1,1,0,0,1,1,0,1,0,0
42075,0,1,1,1,0,0,0,0,1,0,1,0
42077,1,1,0,1,0,0,0,0,0,1,1,0
42079,0,1,1,1,0,0,1,1,0,1,0,0
42081,0,1,1,1,0,0,1,1,0,0,0,1
42083,0,1,1,1,0,0,1,1,1,0,0,0
42085,1,1,0,0,0,0,0,0,0,1,1,0
42087,0,1,1,1,0,0,1,1,0,0,0,1
42089,1,1,0,0,0,0,0,0,0,1,1,0
42091,1,1,0,0,0,0,0,0,0,1,1,0
42093,0,1,1,1,0,0,1,1,1,0,0,0
42095,0,1,1,1,0,0,1,0,1,1,0,0
42097,0,0,1,1,1,0,1,1,0,1,0,0
42099,0,1,1,1,0,0,0,0,0,0,1,0
42101,0,1,1,1,0,0,0,0,0,1,0,0
42103,0,0,1,1,1,0,1,1,0,0,0,1
42105,0,1,1,1,0,0,1,1,0,0,0,1
42107,0,0,0,1,1,1,1,1,1,0,0,0
42109,1,1,0,1,0,0,0,0,0,0,1,0
42111,0,1,1,1,0,0,1,1,0,1,0,0
42113,0,1,0,1,1,0,0,1,1,0,0,0
42115,0,0,0,1,1,1,1,0,1,0,0,0
42117,0,1,1,1,0,0,1,1,1,0,0,0
42119,0,0,1,1,0,1,1,1,0,0,0,1
42121,0,1,1,1,0,0,1,1,1,0,0,0
42123,0,1,1,1,0,0,1,1,0,0,0,1
42125,0,1,1,1,0,0,1,0,1,1,0,0
42127,0,0,1,1,0,1,1,1,1,0,0,0
42129,0,0,1,1,0,1,1,1,0,0,0,1
42131,0,0,1,1,1,0,1,1,0,1,0,0
42133,1,1,0,0,0,0,0,0,0,1,1,0
44001,1,1,0,0,0,0,0,0,0,1,1,0
44003,0,1,1,1,0,0,0,0,0,1,1,0
44005,0,1,1,1,0,0,1,1,0,0,0,1
44007,1,1,0,1,0,0,0,0,0,1,1,0
44009,0,0,1,1,0,1,1,0,0,0,0,1
45001,1,1,0,1,0,0,0,0,0,0,1,0
45003,0,0,1,1,0,1,1,0,1,0,0,1
45005,0,1,1,1,0,0,1,1,0,0,0,1
45007,0,1,1,1,0,0,1,1,0,1,0,0
45009,0,0,1,1,0,1,1,0,0,0,0,1
45011,0,1,1,1,0,0,1,1,0,1,0,0
45013,0,1,1,1,0,0,0,0,0,0,1,1
45015,0,1,1,1,0,0,1,0,0,0,0,1
45017,0,1,1,1,0,0,1,1,0,0,0,1
45019,0,0,1,1,0,1,1,0,1,0,0,1
45021,0,0,1,1,0,1,1,0,1,1,0,0
45023,0,1,1,1,0,0,1,0,1,1,0,0
45025,0,0,1,1,0,1,1,1,0,0,0,1
45027,0,1,1,1,0,0,1,1,0,0,0,1
45029,0,1,1,1,0,0,1,1,0,0,0,1
45031,0,1,1,1,0,0,1,0,1,0,0,1
45033,1,0,1,1,0,0,0,0,0,1,1,0
45035,0,1,0,1,0,1,1,0,1,0,0,0
45037,1,1,0,1,0,0,0,0,0,1,1,0
45039,0,0,1,1,0,1,1,0,0,1,0,1
45041,0,1,1,1,0,0,1,0,0,1,0,1
45043,1,1,0,1,0,0,0,0,0,1,1,0
45045,0,0,0,1,0,1,1,0,1,0,0,0
45047,0,1,1,1,0,0,1,0,0,1,1,0
45049,0,1,1,1,0,0,1,1,0,0,0,1
45051,0,0,1,1,0,1,1,0,0,0,0,1
45053,0,1,1,1,0,0,1,1,0,1,0,0
45055,0,1,1,1,0,0,1,0,0,1,0,1
45057,1,0,1,1,0,0,0,0,0,1,1,0
45059,0,1,1,1,0,0,1,1,0,1,0,0
45061,0,1,1,1,0,0,1,1,0,1,0,0
45063,0,1,1,1,0,0,1,0,0,0,0,1
45065,0,1,1,1,0,0,1,1,0,0,0,1
45067,0,1,1,1,0,0,1,0,0,0,0,1
45069,0,1,1,1,0,0,0,1,0,0,1,1
45071,0,1,1,1,0,0,0,0,1,0,0,1
45073,1,0,1,1,0,0,0,0,0,1,1,0
45075,0,1,1,1,0,0,0,1,0,1,0,0
45077,0,1,1,1,0,0,1,1,0,1,0,0
45079,1,0,0,1,0,0,0,0,0,1,1,0
45081,0,1,1,1,0,0,1,0,0,1,0,1
45083,0,1,1,1,0,0,1,0,0,0,0,1
45085,0,1,1,1,0,0,1,0,0,1,0,1
45087,0,1,1,1,0,0,1,0,0,0,1,0
45089,0,1,1,1,0,0,1,0,0,0,0,1
45091,0,1,1,1,0,0,1,0,0,0,0,1
46003,0,1,0,1,1,0,1,1,1,0,0,0
46005,0,1,0,1,0,1,1,1,1,0,0,0
46007,0,1,0,1,0,1,1,1,1,0,0,0
46009,0,1,0,1,0,1,1,1,1,0,0,0
46011,0,0,0,1,0,1,1,1,1,0,0,0
46013,0,1,0,1,0,1,1,1,1,0,0,0
46015,0,1,0,1,0,1,1,1,1,0,0,0
46017,0,0,0,1,1,1,1,0,1,0,0,0
46019,0,0,1,1,1,0,1,0,0,1,0,1
46021,0,1,0,1,0,1,1,1,1,0,0,0
46023,0,1,0,1,0,1,1,1,1,0,0,0
46025,0,1,0,1,0,1,1,1,1,0,0,0
46027,1,1,0,1,0,0,1,1,1,0,0,0
46029,0,0,0,1,0,1,1,1,1,0,0,0
46031,0,1,0,1,0,1,1,1,1,0,0,0
46033,0,0,1,1,1,0,1,1,1,0,0,0
46035,0,1,0,1,0,0,1,0,1,1,0,0
46037,0,1,0,1,0,1,1,0,0,0,0,1
46039,0,1,0,1,0,1,1,1,0,0,0,0
46041,0,1,0,1,0,1,1,1,1,0,0,0
46043,0,1,0,1,1,0,1,0,1,0,0,0
46045,0,1,0,1,1,0,1,1,1,0,0,0
46047,0,0,1,1,1,0,1,0,1,1,0,0
46049,0,1,0,1,0,1,1,0,0,0,0,1
46051,1,1,0,1,0,0,1,1,1,0,0,0
46053,0,1,0,1,0,1,1,1,1,0,0,0
46055,0,0,1,1,1,0,1,0,1,0,0,1
46057,0,0,1,1,1,0,1,0,1,0,0,1
46059,0,1,0,1,0,1,1,0,1,0,0,1
46061,0,1,0,1,0,1,1,1,1,0,0,0
46063,0,1,0,1,0,1,0,1,1,0,0,0
46065,1,1,0,1,0,0,1,0,0,1,0,1
46067,0,0,0,1,1,1,1,0,1,0,0,0
46069,0,1,0,1,0,1,1,0,0,1,0,1
46071,1,1,0,1,0,0,0,0,0,0,1,0
46073,0,1,0,1,0,1,1,1,1,0,0,0
46075,0,1,0,1,0,1,0,1,1,0,0,1
46077,0,1,0,1,1,0,1,0,1,0,0,0
46079,0,0,1,1,1,0,1,0,1,0,0,1
46081,0,0,0,1,1,1,1,0,1,0,0,0
46083,0,1,0,1,0,1,1,1,1,0,0,0
46085,0,1,0,1,0,1,1,1,1,0,0,0
46087,0,1,1,1,0,0,1,0,1,0,0,0
46089,0,0,0,1,1,1,1,0,1,0,0,0
46091,0,0,0,1,1,1,1,0,1,0,0,0
46093,0,1,0,1,1,0,1,0,1,0,1,0
46095,0,0,1,1,1,0,1,0,1,0,0,0
46097,1,1,0,1,0,0,1,0,0,0,0,1
46099,0,0,1,1,0,1,1,1,1,0,0,0
46101,0,1,0,1,0,1,1,1,1,0,0,0
46102,0,1,0,1,0,0,0,0,0,1,1,0
46103,1,1,0,1,0,0,1,0,1,1,0,0
46105,0,1,0,1,0,1,1,1,1,0,0,0
46107,0,1,0,1,0,1,1,1,0,0,0,0
46109,1,1,0,1,0,0,1,1,1,0,0,0
46111,0,1,0,1,1,0,1,1,0,1,0,0
46115,0,1,0,1,0,1,1,0,1,1,0,0
46117,0,1,1,1,0,0,1,0,0,0,0,1
46119,0,1,0,1,0,1,1,1,0,0,0,1
46121,0,1,0,1,0,1,1,0,1,0,0,1
46123,0,1,0,1,0,1,1,0,0,0,0,1
46125,1,1,0,1,0,0,1,1,1,0,0,0
46127,0,1,0,1,0,1,1,0,0,1,0,1
46129,0,1,0,1,0,1,1,1,1,0,0,0
46135,0,1,0,1,0,0,1,1,1,0,0,0
46137,0,1,0,1,0,1,1,1,1,0,0,0
47001,0,1,1,1,0,0,1,0,0,1,0,1
47003,1,0,1,1,0,0,0,0,0,1,1,0
47005,0,1,1,1,0,0,1,0,0,1,0,1
47007,0,0,1,1,1,0,0,1,1,0,0,1
47009,0,1,1,1,0,0,1,1,0,1,0,0
47011,0,1,1,1,0,0,1,1,0,1,0,0
47013,0,1,1,1,0,0,0,1,0,0,0,1
47015,0,1,1,1,0,0,1,1,0,1,0,0
47017,0,1,1,1,0,0,1,1,0,1,0,0
47019,0,1,1,1,0,0,1,0,0,1,0,1
47021,0,0,1,1,0,1,1,0,0,0,0,1
47023,0,1,1,1,0,0,1,1,0,1,0,0
47025,0,1,1,1,0,0,1,1,0,0,0,1
47027,0,1,1,1,0,0,1,1,0,1,0,0
47029,0,0,1,1,1,0,1,0,1,0,0,1
47031,0,1,1,1,0,0,1,1,0,1,0,0
47033,0,0,1,1,1,0,1,0,1,0,0,1
47035,0,0,1,1,0,1,1,1,0,1,0,0
47037,1,1,0,1,0,0,0,0,0,1,1,0
47039,0,1,0,1,0,1,1,1,1,0,0,0
47041,0,1,1,1,0,0,1,1,0,0,0,1
47043,0,1,1,1,0,0,1,1,0,1,0,0
47045,0,1,1,1,0,0,1,1,0,1,0,0
47047,0,1,0,1,0,0,0,0,0,1,1,0
47049,0,0,1,1,1,0,1,0,0,0,1,1
47051,0,1,1,1,0,0,1,1,0,0,0,1
47053,0,1,1,1,0,0,1,1,0,0,0,1
47055,0,1,1,1,0,0,1,1,0,1,0,0
47057,1,0,0,1,0,0,0,0,0,0,1,0
47059,0,1,1,1,0,0,1,1,0,1,0,0
47061,1,0,0,1,0,0,0,0,0,0,1,0
47063,0,1,1,1,0,0,1,0,0,1,0,1
47065,1,0,0,1,0,0,0,0,0,1,1,0
47067,0,0,0,1,1,1,1,0,1,0,0,0
47069,0,1,1,1,0,0,1,1,0,1,0,0
47071,0,1,1,1,0,0,1,1,0,1,0,0
47073,0,0,1,1,0,1,1,1,0,0,0,1
47075,0,1,1,1,0,0,1,1,0,1,0,0
47077,0,0,0,1,1,1,1,1,0,0,0,0
47079,0,0,1,1,1,0,1,0,1,0,0,1
47081,0,1,1,1,0,0,1,1,0,1,0,0
47083,1,0,0,1,0,0,0,0,0,0,1,0
47085,0,1,1,1,0,0,1,1,0,1,0,0
47087,0,0,1,1,0,1,1,1,0,0,0,1
47089,0,1,1,1,0,0,1,0,0,0,0,1
47091,0,1,1,1,0,0,1,1,0,1,0,0
47093,1,1,0,0,0,0,0,0,0,1,1,0
47095,0,0,1,1,1,0,1,0,0,0,1,1
47097,0,0,1,1,0,1,1,1,0,0,0,1
47099,0,0,0,1,1,1,1,1,1,0,0,0
47101,0,0,1,1,1,0,1,0,1,0,0,1
47103,0,0,1,1,1,0,1,1,0,0,0,0
47105,0,0,1,1,0,1,0,1,1,0,0,1
47107,0,0,1,1,0,1,1,1,0,0,0,0
47109,0,1,1,1,0,0,1,1,0,1,0,0
47111,0,1,1,1,0,0,1,1,0,0,0,1
47113,0,1,0,1,0,0,0,0,0,1,1,0
47115,0,1,1,1,0,0,1,1,0,1,0,0
47117,0,1,1,1,0,0,1,1,0,0,1,0
47119,0,1,1,1,0,0,1,0,0,1,0,1
47121,0,1,1,1,0,0,1,1,0,1,0,0
47123,0,1,0,1,0,0,0,0,0,0,1,0
47125,0,0,1,1,0,1,1,0,1,0,0,1
47127,0,1,1,1,0,0,1,0,0,1,0,1
47129,0,0,1,1,1,0,1,1,0,0,1,0
47131,0,1,1,1,0,0,1,1,0,1,0,0
47133,0,1,1,1,0,0,1,1,0,1,0,0
47135,0,1,1,1,0,0,1,1,0,1,0,0
47137,0,0,1,1,0,1,1,1,0,1,0,0
47139,0,1,1,1,0,0,1,1,0,1,0,0
47141,0,0,1,1,0,1,1,1,0,0,0,0
47143,0,1,1,1,0,0,1,1,0,1,0,0
47145,0,0,1,1,0,1,1,1,0,0,0,1
47147,0,0,1,1,0,1,1,0,1,0,0,1
47149,1,1,0,1,0,0,0,0,0,1,1,0
47151,0,0,1,1,1,0,1,0,1,0,1,0
47153,0,0,0,1,1,1,1,0,1,0,0,0
47155,0,0,1,1,0,1,0,1,0,0,0,1
47157,1,0,0,1,0,0,0,0,0,1,1,0
47159,0,1,1,1,0,0,1,0,0,1,0,1
47161,0,1,1,1,0,0,1,1,0,0,0,1
47163,0,0,1,1,1,0,1,1,0,1,0,0
47165,0,0,1,1,0,1,1,0,0,0,0,1
47167,0,1,1,1,0,0,1,0,0,1,0,1
47169,0,0,1,1,0,1,1,1,0,0,0,1
47171,0,1,0,1,1,0,1,1,1,0,0,0
47173,0,1,1,1,0,0,1,1,0,1,0,0
47175,0,0,1,1,1,0,1,1,0,0,0,0
47177,0,0,1,1,0,1,1,1,0,1,0,0
47179,0,0,1,1,1,0,1,1,0,1,0,0
47181,0,1,0,1,0,1,1,1,0,1,0,0
47183,0,1,1,1,0,0,1,1,0,0,1,0
47185,0,1,1,1,0,0,1,1,0,1,0,0
47187,0,0,1,1,0,1,1,0,1,0,0,1
47189,0,1,1,1,0,0,1,0,0,1,0,1
48001,0,0,1,1,0,1,1,0,0,1,0,1
48003,0,1,1,1,0,0,1,1,0,0,0,1
48005,0,0,1,1,0,1,1,0,0,1,0,1
48007,0,1,0,1,1,0,0,1,0,1,0,0
48009,0,1,1,1,0,0,1,0,0,1,0,1
48011,0,1,1,1,0,0,1,1,0,0,0,1
48013,0,1,1,1,0,0,1,1,0,1,0,0
48015,1,0,0,1,0,0,0,0,0,1,1,0
48017,1,0,1,1,0,0,0,0,0,0,1,0
48019,0,0,1,1,1,0,1,1,0,1,0,0
48021,0,1,1,1,0,0,1,0,0,1,0,1
48023,1,0,0,1,0,0,0,0,0,0,1,0
48025,0,1,1,1,0,0,1,1,0,0,1,0
48027,0,1,1,1,0,0,1,0,0,0,1,1
48029,0,1,1,1,0,0,0,1,1,0,0,1
48031,0,1,1,1,0,0,1,1,0,1,0,0
48033,0,1,1,1,0,0,1,0,1,1,0,0
48035,0,1,1,1,0,0,1,1,0,0,0,1
48037,0,0,1,1,0,1,1,0,0,0,0,1
48039,0,1,1,1,0,0,0,0,0,1,1,1
48041,0,1,1,1,0,0,0,0,1,0,0,1
48043,0,0,1,1,1,0,1,0,0,0,0,1
48045,1,0,0,1,0,0,0,0,0,1,1,0
48047,0,1,1,1,0,0,1,1,0,1,0,0
48049,0,0,1,1,0,1,1,0,0,1,0,1
48051,0,1,1,1,0,0,1,0,0,1,0,1
48053,0,0,1,1,0,1,1,0,0,0,0,1
48055,1,0,1,1,0,0,0,0,0,1,1,0
48057,0,0,1,1,0,1,1,0,0,0,0,1
48059,0,1,1,1,0,0,0,0,0,1,1,0
48061,0,1,1,1,0,0,1,0,0,0,1,1
48063,1,1,0,1,0,0,0,0,0,1,1,0
48065,1,0,0,1,0,0,0,0,0,0,1,0
48067,0,1,1,1,0,0,1,0,0,1,0,1
48069,0,0,1,1,0,1,1,0,0,0,0,1
48071,0,1,1,1,0,0,1,0,0,0,1,1
48073,0,0,1,1,1,0,1,1,0,1,0,0
48075,0,1,1,1,0,0,1,1,0,1,0,0
48077,0,1,1,1,0,0,1,1,1,0,0,0
48079,0,1,1,1,0,0,1,1,0,1,0,0
48081,0,1,1,1,0,0,1,0,0,0,0,1
48083,1,0,0,1,0,0,0,0,0,0,1,0
48085,0,0,1,1,0,1,0,1,0,0,0,1
48087,0,1,1,1,0,0,1,1,0,0,0,1
48089,1,0,0,1,0,0,0,0,0,1,1,0
48091,1,0,0,1,0,0,0,0,0,1,1,0
48093,1,0,0,1,0,0,0,0,0,0,1,0
48095,0,1,1,1,0,0,1,0,0,0,0,1
48097,1,0,1,1,0,0,0,0,0,1,1,0
48099,1,0,0,1,0,0,0,0,0,1,1,0
48101,1,1,0,1,0,0,0,0,0,1,1,0
48103,0,0,1,1,1,0,1,1,0,0,1,0
48105,0,1,1,1,0,0,1,1,0,0,0,1
48107,0,1,1,1,0,0,1,0,0,1,0,1
48109,0,0,1,1,1,0,1,1,1,0,0,0
48111,1,0,1,1,0,0,0,0,0,1,1,0
48113,1,1,0,0,0,0,0,0,0,1,1,0
48115,0,1,1,1,0,0,1,1,0,0,0,1
48117,0,0,1,1,0,1,1,1,0,0,0,1
48119,0,0,1,1,0,1,1,0,1,0,0,1
48121,1,0,0,1,0,0,0,0,0,1,1,0
48123,0,1,1,1,0,0,1,1,0,0,0,1
48125,0,1,1,1,0,0,1,0,1,0,0,1
48127,1,0,0,1,0,0,0,0,0,1,1,0
48129,1,0,0,1,0,0,0,0,0,0,1,0
48131,0,1,1,1,0,0,1,0,0,1,0,1
48133,0,1,0,1,0,1,1,1,0,0,0,0
48135,0,1,1,1,0,0,1,1,0,0,0,1
48137,0,1,1,1,0,0,1,1,0,0,0,1
48139,0,1,1,1,0,0,1,0,1,0,0,1
48141,0,1,0,1,0,1,1,0,1,0,0,0
48143,1,0,1,1,0,0,0,0,0,0,1,0
48145,1,1,0,1,0,0,0,0,0,1,1,0
48147,1,0,1,1,0,0,0,0,0,1,1,0
48149,1,1,0,1,0,0,0,0,0,0,1,0
48151,0,1,1,1,0,0,1,1,0,0,0,1
48153,0,1,1,1,0,0,1,1,0,0,0,1
48155,0,1,1,0,0,1,1,0,1,1,0,0
48157,0,1,1,1,0,0,0,0,1,0,0,1
48159,0,1,1,1,0,0,1,0,0,0,0,1
48161,0,1,1,1,0,0,1,0,0,1,0,1
48163,0,1,1,1,0,0,1,0,0,1,0,1
48165,0,1,1,1,0,0,1,1,0,1,0,0
48167,1,0,0,1,0,0,0,0,0,1,1,0
48169,0,1,1,1,0,0,1,1,0,0,0,1
48171,1,0,0,1,0,0,0,0,0,0,1,0
48173,0,1,1,1,0,0,1,1,0,0,0,1
48175,0,1,1,1,0,0,1,0,1,0,0,1
48177,0,0,1,1,0,1,1,1,0,0,0,1
48179,0,1,1,1,0,0,1,1,0,0,0,1
48181,0,1,1,1,0,0,1,0,0,0,0,1
48183,1,0,1,1,0,0,0,0,0,0,1,0
48185,1,0,1,1,0,0,0,0,0,1,1,0
48187,1,0,1,1,0,0,0,0,0,0,1,0
48189,0,1,1,1,0,0,0,0,0,0,1,0
48191,0,0,1,1,0,1,1,1,0,0,0,1
48193,1,0,0,1,0,0,0,0,0,0,1,0
48195,0,1,1,1,0,0,1,0,1,0,0,1
48197,0,1,1,1,0,0,0,1,1,0,1,0
48199,0,1,1,1,0,0,1,1,0,0,0,1
48201,0,1,1,1,0,0,0,0,1,0,0,1
48203,0,1,1,1,0,0,1,0,0,0,0,1
48205,0,1,1,1,0,0,1,1,1,0,0,0
48207,0,1,0,1,0,1,1,1,0,0,0,1
48209,0,0,1,1,0,1,1,0,0,0,0,1
48211,0,1,1,1,0,0,1,1,0,0,0,1
48213,0,0,0,1,1,1,1,0,1,0,0,0
48215,0,1,1,1,0,0,0,0,1,0,1,1
48217,0,1,1,1,0,0,1,0,0,0,0,1
48219,0,0,1,1,0,1,1,1,0,0,0,1
48221,0,1,1,1,0,0,1,0,0,1,0,1
48223,0,1,1,1,0,0,1,1,0,1,0,0
48225,1,0,0,1,0,0,0,0,0,0,1,0
48227,0,1,1,1,0,0,1,0,0,1,0,1
48229,0,0,1,1,1,0,0,1,1,0,0,0
48231,0,1,1,1,0,0,1,0,0,1,0,1
48233,0,1,1,1,0,0,1,1,0,1,0,0
48235,0,1,0,1,0,1,1,0,0,1,0,0
48237,0,1,1,1,0,0,1,0,0,0,0,1
48239,1,1,0,1,0,0,0,0,0,1,1,0
48241,0,0,1,1,0,1,1,0,0,0,0,1
48243,1,0,0,1,0,0,0,0,0,0,1,0
48245,1,1,0,1,0,0,0,0,0,1,1,0
48247,0,1,1,1,0,0,1,1,0,1,0,0
48249,0,1,1,1,0,0,1,1,0,1,0,0
48251,1,1,0,1,0,0,0,0,0,0,1,0
48253,0,1,0,1,0,0,0,0,0,1,1,0
48255,0,1,1,1,0,0,1,1,0,1,0,0
48257,0,0,1,1,0,1,1,0,0,0,0,1
48259,0,1,0,1,0,1,1,1,0,0,0,1
48261,0,1,1,1,0,0,1,1,0,0,0,1
48263,0,1,1,1,0,0,1,0,0,1,0,1
48265,0,1,0,1,0,0,0,0,0,1,1,0
48267,1,0,0,1,0,0,0,0,0,0,1,0
48269,1,0,0,1,0,0,0,0,0,0,1,0
48271,1,0,0,1,0,0,0,0,0,1,1,0
48273,0,1,1,1,0,0,1,1,0,0,0,1
48275,1,1,0,1,0,0,0,0,0,0,1,0
48277,1,1,0,1,0,0,0,0,0,0,1,0
48279,0,1,1,1,0,0,0,0,0,0,1,0
48281,0,1,1,1,0,0,1,1,0,0,0,0
48283,0,0,1,1,0,1,1,1,0,0,0,1
48285,0,1,1,1,0,0,1,0,0,1,0,1
48287,0,1,1,1,0,0,1,0,0,1,0,1
48289,1,1,0,1,0,0,0,0,0,1,1,0
48291,0,1,1,1,0,0,1,0,0,0,1,1
48293,0,1,1,1,0,0,1,1,0,1,0,0
48295,0,0,1,1,0,1,1,1,0,0,0,1
48297,0,1,1,1,0,0,1,0,1,0,0,1
48299,0,0,1,1,1,0,1,1,0,0,0,1
48301,0,1,0,1,0,0,1,0,0,1,0,0
48303,0,0,0,1,0,1,1,0,1,0,0,0
48305,0,1,1,1,0,0,1,0,0,1,0,1
48307,0,1,1,1,0,0,0,0,0,0,1,0
48309,1,0,0,0,0,0,0,0,0,0,1,0
48311,0,0,1,1,1,0,0,1,1,0,0,0
48313,0,1,1,1,0,0,1,1,0,1,0,0
48315,0,1,1,1,0,0,1,1,0,1,0,0
48317,0,1,1,1,0,0,1,0,1,1,0,0
48319,0,0,1,1,1,0,1,1,0,1,0,0
48321,0,0,1,1,1,0,1,1,0,0,0,1
48323,0,1,1,1,0,0,0,0,0,0,1,0
48325,0,1,1,1,0,0,1,1,0,1,0,0
48327,0,1,0,1,0,1,1,0,0,1,0,0
48329,0,0,1,1,0,1,1,0,0,0,0,1
48331,0,1,1,1,0,0,1,1,0,0,0,0
48333,0,1,1,1,0,0,1,1,0,1,0,0
48335,0,1,0,1,0,1,1,0,0,1,0,0
48337,1,1,0,1,0,0,0,0,0,1,1,0
48339,0,1,0,1,0,1,1,0,1,1,0,0
48341,1,0,1,1,0,0,0,0,0,0,1,0
48343,0,1,1,1,0,0,1,1,0,0,0,0
48345,1,0,0,1,0,0,0,0,0,0,1,0
48347,0,0,1,1,0,1,1,0,1,0,0,0
48349,0,1,1,1,0,0,1,0,0,1,0,1
48351,0,1,1,1,0,0,1,1,0,0,0,1
48353,0,1,1,1,0,0,1,1,0,0,0,1
48355,0,1,1,1,0,0,0,0,0,1,0,1
48357,0,1,1,1,0,0,1,1,0,0,0,1
48359,0,1,0,1,0,1,1,1,0,1,0,0
48361,0,1,1,1,0,0,1,0,0,1,0,1
48363,1,0,0,1,0,0,0,0,0,0,1,0
48365,0,1,1,1,0,0,1,1,0,0,0,1
48367,0,1,1,1,0,0,0,1,0,0,0,1
48369,1,0,0,1,0,0,0,0,0,0,1,0
48371,0,0,1,1,1,0,1,0,0,1,0,1
48373,0,1,1,1,0,0,1,1,0,1,0,0
48375,0,1,1,1,0,0,0,0,0,1,1,0
48377,0,0,1,1,1,0,1,0,1,0,0,1
48379,0,1,1,1,0,0,1,1,0,0,0,1
48381,1,1,0,1,0,0,0,0,0,1,1,0
48383,1,0,0,1,0,0,0,0,0,1,1,0
48385,1,1,0,1,0,0,0,0,0,1,1,0
48387,0,1,1,1,0,0,1,1,0,0,0,1
48389,0,1,1,1,0,0,1,1,1,0,0,0
48391,0,1,1,1,0,0,1,0,0,1,0,1
48393,0,1,1,1,0,0,1,1,0,0,0,1
48395,0,0,1,1,0,1,1,0,0,1,0,1
48397,0,0,0,1,0,1,1,0,0,0,0,1
48399,0,1,1,1,0,0,1,1,0,1,0,0
48401,0,1,1,1,0,0,0,0,0,0,1,0
48403,0,0,1,1,1,0,1,0,0,0,1,1
48405,0,0,1,1,0,1,1,0,0,0,0,1
48407,0,0,1,1,1,0,1,0,0,1,0,1
48409,0,1,1,1,0,0,1,0,0,0,0,1
48411,0,0,1,1,1,0,1,1,0,0,0,1
48413,0,0,1,1,1,0,0,1,1,0,0,0
48415,0,1,1,1,0,0,1,1,0,0,0,1
48417,0,1,1,1,0,0,1,1,0,0,0,1
48419,0,1,1,1,0,0,1,0,0,1,0,1
48421,0,1,1,1,0,0,1,1,0,0,0,1
48423,1,1,0,1,0,0,0,0,0,0,1,0
48425,0,0,1,1,0,1,1,1,0,0,0,1
48427,0,1,1,1,0,0,0,0,0,0,1,1
48429,0,1,1,1,0,0,1,0,0,1,0,1
48431,1,0,0,1,0,0,0,0,0,0,1,0
48433,1,1,0,1,0,0,0,0,0,1,1,0
48435,1,0,1,1,0,0,0,0,0,0,1,0
48437,0,1,1,1,0,0,0,0,0,0,1,0
48439,1,0,0,1,0,0,0,0,0,1,0,0
48441,0,1,1,1,0,0,1,1,0,0,0,1
48443,0,0,1,1,0,1,1,1,0,0,0,1
48445,0,1,1,1,0,0,0,0,0,0,1,0
48447,1,0,0,1,0,0,0,0,0,0,1,0
48449,0,1,1,1,0,0,1,1,0,1,0,0
48451,1,0,0,1,0,0,0,0,0,1,1,0
48453,1,1,0,1,0,0,0,1,0,1,1,0
48455,1,1,0,1,0,0,0,0,0,0,1,0
48457,0,1,1,1,0,0,1,1,0,0,0,1
48459,0,1,0,1,0,0,0,0,0,1,1,0
48461,1,0,0,1,0,0,0,0,0,0,1,0
48463,0,0,1,1,1,0,1,0,1,0,0,1
48465,1,0,0,1,0,0,0,0,0,1,1,0
48467,0,1,1,1,0,0,1,1,0,1,0,0
48469,0,0,1,1,0,1,1,0,0,0,0,1
48471,0,1,1,1,0,0,1,1,1,0,0,0
48473,0,1,1,1,0,0,1,0,1,0,0,1
48475,0,1,1,1,0,0,1,1,0,1,0,0
48477,0,1,1,1,0,0,1,0,0,0,0,1
48479,0,1,1,1,0,0,0,0,0,0,1,0
48481,0,1,1,1,0,0,1,1,0,1,0,0
48483,0,1,0,1,0,1,1,0,0,1,0,0
48485,0,0,1,1,0,1,1,0,0,0,0,1
48487,1,0,0,1,0,0,0,0,0,0,1,0
48489,0,1,1,1,0,0,1,0,0,1,1,0
48491,0,0,0,1,0,1,1,0,1,0,0,1
48493,0,0,1,1,0,1,1,0,1,0,0,1
48495,0,1,1,1,0,0,1,1,0,0,0,1
48497,0,1,1,1,0,0,1,1,0,1,0,0
48499,0,1,1,1,0,0,1,1,0,0,1,0
48501,0,0,1,1,0,1,1,1,0,0,0,0
48503,0,1,1,1,0,0,1,1,1,0,0,0
48505,0,1,1,1,0,0,1,1,1,0,0,0
48507,1,0,0,1,0,0,0,0,0,1,1,0
49001,0,0,1,1,1,0,1,1,0,0,0,1
49003,0,1,1,1,0,0,1,0,0,1,0,1
49005,1,0,0,1,0,0,0,0,0,0,1,0
49007,1,1,0,1,0,0,0,0,0,0,1,0
49009,0,0,1,1,1,0,0,1,1,0,0,0
49011,0,1,1,1,0,0,1,0,0,0,0,1
49013,0,0,1,1,1,0,0,1,1,0,0,0
49015,0,1,0,1,1,0,0,1,1,0,0,0
49017,0,1,0,1,0,1,0,1,1,0,1,0
49019,1,0,0,1,0,0,0,0,0,0,1,0
49021,0,1,0,1,0,1,1,1,1,0,0,0
49023,0,1,1,1,0,0,1,1,0,0,1,0
49025,1,1,0,1,0,0,0,0,0,1,1,0
49027,0,1,1,1,0,0,1,0,1,0,0,0
49029,0,1,1,1,0,0,1,1,0,0,1,0
49031,0,0,1,1,0,1,1,1,0,0,1,0
49033,1,1,0,1,0,0,0,0,0,0,1,0
49035,1,0,0,1,0,1,0,0,0,1,1,0
49037,0,0,1,1,1,0,1,1,0,1,0,0
49039,0,0,1,1,1,0,1,1,1,0,0,0
49041,0,1,0,1,1,0,0,1,1,0,0,1
49043,0,0,0,1,1,1,1,1,0,0,0,0
49045,0,0,1,1,1,0,1,1,0,0,0,1
49047,0,1,0,1,1,0,1,1,0,0,1,0
49049,0,0,1,1,0,1,1,1,0,0,0,1
49051,0,1,1,1,0,0,1,0,0,0,1,1
49053,0,0,1,1,1,0,1,0,0,1,0,1
49055,0,0,1,1,1,0,1,1,0,0,0,1
49057,0,1,1,1,0,0,1,1,0,0,0,1
50001,0,1,0,1,1,0,1,1,0,1,0,0
50003,1,1,0,1,0,0,0,0,0,1,1,0
50005,0,0,0,1,1,1,0,1,1,0,1,0
50007,1,0,0,1,0,0,0,0,0,1,1,0
50009,1,1,0,1,0,0,0,0,0,0,1,0
50011,0,1,0,1,1,0,0,1,1,0,0,0
50013,1,1,0,1,0,0,0,0,0,1,1,0
50015,0,0,0,1,1,1,0,1,1,0,0,0
50017,0,0,1,1,0,1,1,0,0,0,0,1
50019,1,0,0,1,1,0,0,0,0,1,1,0
50021,0,1,1,1,0,0,1,1,0,1,0,0
50023,0,0,0,1,1,1,1,1,0,0,0,0
50025,1,1,0,1,0,0,0,0,0,1,1,0
50027,0,1,0,1,1,0,0,1,1,0,0,1
51001,0,1,1,1,0,0,1,1,1,0,0,0
51003,0,1,1,1,0,0,1,1,0,0,0,1
51005,0,1,1,1,0,0,1,1,0,0,0,1
51007,0,1,0,1,0,0,0,0,0,0,1,0
51009,1,0,1,1,0,0,0,0,0,0,1,0
51011,0,1,1,1,0,0,1,1,0,1,0,0
51013,1,1,1,0,0,0,0,0,0,1,1,0
51015,0,1,1,1,0,0,1,1,0,1,0,0
51017,0,0,1,1,1,0,1,0,0,0,0,1
51019,0,1,0,1,0,0,0,0,0,0,1,0
51021,0,1,1,1,0,0,1,0,0,1,1,0
51023,0,0,1,1,0,1,1,1,0,0,0,0
51025,1,1,0,1,0,0,0,0,0,1,1,0
51027,0,1,1,1,0,0,1,0,1,1,0,0
51029,1,0,1,1,0,0,0,0,0,0,1,0
51031,0,0,1,1,0,1,0,1,1,0,0,1
51033,0,1,1,1,0,0,1,1,0,1,0,0
51035,0,1,1,1,0,0,1,0,0,0,0,1
51036,0,1,1,1,0,0,1,0,0,0,0,1
51037,0,1,1,1,0,0,1,1,0,1,0,0
51041,0,1,1,1,0,0,1,1,0,0,0,1
51043,1,1,0,1,0,0,0,0,0,1,0,0
51045,0,1,1,1,0,0,1,1,0,1,0,0
51047,0,1,1,1,0,0,1,1,0,1,0,0
51049,0,1,1,1,0,0,1,0,0,1,0,1
51051,0,0,1,1,1,0,1,0,1,0,0,1
51053,0,1,1,1,0,0,1,1,0,1,0,0
51057,0,1,1,1,0,0,1,0,0,1,0,1
51059,1,1,0,0,0,0,0,0,0,1,1,0
51061,1,1,0,0,0,0,0,0,0,1,1,0
51063,0,0,1,1,1,0,0,0,0,0,1,1
51065,0,1,1,1,0,0,1,0,0,1,0,1
51067,0,1,1,1,0,0,1,1,0,0,0,1
51069,0,1,1,1,0,0,1,1,0,0,0,1
51071,0,0,1,1,1,0,0,1,1,0,0,0
51073,0,1,1,1,0,0,1,1,0,0,0,0
51075,1,0,1,1,0,0,0,0,0,1,1,0
51077,0,0,1,1,1,0,0,1,1,0,1,0
51079,1,0,0,1,0,0,0,0,0,1,1,0
51081,0,1,0,1,0,0,0,0,0,1,1,0
51083,1,0,0,1,0,0,0,0,0,0,1,0
51085,0,1,1,1,0,0,1,1,0,1,0,0
51087,1,1,1,0,0,0,0,0,0,1,1,0
51089,0,1,1,1,0,0,1,1,1,0,0,0
51091,0,0,0,1,0,1,1,1,1,0,0,0
51093,0,0,1,1,1,0,1,1,0,0,0,1
51095,0,0,1,1,0,1,1,0,0,0,0,1
51097,0,1,1,1,0,0,0,0,0,0,1,0
51099,1,0,1,1,0,0,0,0,0,1,1,0
51101,0,0,1,1,0,1,1,1,0,1,0,0
51103,1,1,0,1,0,0,0,0,0,1,1,0
51105,0,0,1,1,1,0,1,0,0,0,0,1
51107,0,0,1,1,0,1,0,1,0,0,0,1
51109,0,0,1,1,0,1,1,0,0,1,0,1
51111,1,0,1,1,0,0,0,0,0,1,1,0
51113,1,0,0,1,0,0,0,0,0,1,1,0
51115,0,1,0,1,0,1,1,0,0,1,0,0
51117,1,0,0,1,0,0,0,0,0,0,1,0
51119,1,1,0,1,0,0,0,0,0,1,1,0
51121,0,0,1,1,0,1,1,0,0,0,0,1
51125,0,0,1,1,1,0,0,1,1,0,0,0
51127,0,0,1,1,0,1,1,0,0,0,0,1
51131,0,1,1,1,0,0,1,0,0,0,1,1
51133,0,0,1,1,1,0,1,1,1,0,0,0
51135,1,0,1,1,0,0,0,0,0,1,1,0
51137,0,0,1,1,0,1,1,1,0,0,0,1
51139,0,0,1,1,1,0,1,1,0,0,1,0
51141,0,0,1,1,1,0,1,1,1,0,0,0
51143,0,1,1,1,0,0,1,1,0,0,0,0
51145,0,1,1,1,0,0,1,0,0,0,0,1
51147,0,0,1,1,0,1,1,1,1,0,0,0
51149,0,1,1,1,0,0,1,1,0,0,0,0
51153,0,1,1,1,0,0,0,1,0,0,0,1
51155,1,0,0,1,0,0,0,0,0,1,1,0
51157,1,0,0,1,0,0,0,0,0,0,1,0
51159,0,1,0,1,0,0,0,0,0,1,1,0
51161,1,1,0,1,0,0,0,0,0,1,1,0
51163,0,0,1,1,0,1,1,1,0,0,0,0
51165,0,1,1,1,0,0,1,1,0,0,0,1
51167,0,0,1,1,1,0,0,1,1,0,0,0
51169,0,1,1,1,0,0,1,0,0,1,0,1
51171,0,0,1,1,1,0,0,1,1,0,0,0
51173,0,1,1,1,0,0,1,1,0,1,0,0
51175,0,1,1,1,0,0,1,0,0,1,0,1
51177,0,1,1,1,0,0,1,0,1,0,0,1
51179,0,0,1,1,0,1,1,1,0,0,0,1
51181,0,1,1,1,0,0,1,0,0,1,0,1
51183,0,0,1,1,0,1,1,1,0,0,0,1
51185,0,0,1,1,0,1,1,1,0,0,0,0
51187,0,1,1,1,0,0,1,0,0,0,0,1
51191,0,1,0,1,1,0,1,1,1,0,0,0
51193,0,1,1,1,0,0,1,0,0,1,0,1
51195,0,1,1,1,0,0,1,1,1,0,0,0
51197,0,1,1,1,0,0,1,1,1,0,0,0
51199,0,0,1,1,0,1,1,0,0,0,0,1
51510,1,1,0,1,0,0,0,0,0,1,1,0
51520,1,0,0,1,0,0,0,0,0,1,1,0
51530,1,0,1,1,0,0,0,0,0,1,1,0
51540,1,1,0,0,0,0,0,0,0,1,0,0
51550,1,1,0,1,0,0,0,0,0,1,0,0
51570,0,0,1,1,0,1,1,1,0,0,0,1
51580,0,1,0,1,0,0,0,0,0,1,1,0
51590,1,0,0,1,0,0,0,0,0,1,1,0
51595,1,1,0,1,0,0,0,0,0,0,1,0
51600,0,1,1,1,0,0,0,0,0,1,1,0
51610,0,1,0,1,0,0,0,0,0,1,0,1
51620,0,1,1,1,0,0,0,1,0,1,0,1
51630,1,1,1,0,0,0,0,0,0,1,1,0
51640,0,1,0,1,0,1,0,0,0,1,1,0
51650,1,1,0,1,0,0,0,0,0,1,1,0
51660,1,1,0,0,0,0,0,0,0,1,1,1
51670,0,0,1,1,0,1,1,0,1,0,0,1
51678,1,0,0,1,0,0,0,0,0,1,1,0
51680,1,0,0,1,0,1,0,0,0,1,1,0
51683,1,1,1,0,0,0,0,0,0,1,1,0
51685,1,1,1,0,0,0,0,0,0,1,1,0
51690,0,1,1,1,0,0,1,0,0,1,0,1
51700,0,1,1,1,0,0,1,0,0,0,0,1
51710,0,1,1,1,0,0,1,0,1,0,0,1
51720,0,1,0,1,0,1,0,0,0,1,1,0
51730,1,0,1,1,0,0,0,0,0,1,1,0
51735,0,1,0,1,0,0,0,0,0,1,1,0
51740,1,1,0,1,0,0,0,0,0,1,0,0
51750,0,1,1,1,0,0,1,1,0,0,0,1
51760,1,1,0,1,0,0,0,0,0,1,1,0
51770,1,0,1,1,0,0,0,0,0,1,1,0
51775,0,1,1,1,0,0,0,0,0,0,1,0
51790,1,0,0,1,0,0,0,0,0,1,1,0
51800,1,1,0,0,0,1,0,0,0,1,0,0
51810,1,0,0,1,0,0,0,0,0,1,0,0
51820,0,1,1,1,0,0,1,0,0,0,0,1
51830,1,0,0,1,0,0,0,0,0,1,1,0
51840,1,0,1,1,0,0,0,0,0,1,1,0
53001,1,0,0,1,0,0,0,0,0,1,1,0
53003,0,1,0,1,0,1,1,0,1,0,1,0
53005,1,1,0,0,0,0,0,0,0,1,1,0
53007,0,1,0,1,1,0,0,1,1,0,0,0
53009,1,1,0,0,0,0,0,0,0,1,1,0
53011,1,1,0,0,0,0,0,0,0,1,0,0
53013,0,1,0,1,0,1,1,0,0,1,0,0
53015,0,1,1,1,0,0,1,1,0,1,0,0
53017,1,1,0,1,0,0,0,0,0,1,1,0
53019,0,1,0,1,0,1,1,1,1,0,0,0
53021,0,1,0,1,0,1,1,0,0,1,0,1
53023,0,1,0,1,0,1,1,0,0,1,0,0
53025,0,1,0,1,1,0,1,1,1,0,0,0
53027,1,1,0,1,0,0,0,0,0,1,1,0
53029,0,1,1,1,0,0,1,0,0,0,0,1
53031,1,1,0,1,0,0,0,0,0,1,1,0
53033,1,1,0,0,0,0,0,0,0,1,1,0
53035,0,0,1,1,1,0,1,0,0,0,0,1
53037,1,1,0,0,0,0,0,0,0,1,1,0
53039,0,0,0,1,1,1,1,0,1,0,0,0
53041,0,1,0,1,1,0,0,1,1,0,0,1
53043,0,1,0,1,1,0,0,1,1,0,0,1
53045,1,0,0,0,0,0,0,0,0,1,1,0
53047,0,0,1,1,1,0,1,0,0,0,1,1
53049,0,1,0,1,1,0,0,1,1,0,0,1
53051,0,0,1,1,1,0,1,0,1,0,0,0
53053,0,1,1,1,0,0,0,1,0,0,0,1
53055,0,1,0,1,1,0,0,1,0,1,0,1
53057,1,1,0,1,0,0,0,0,0,1,1,0
53059,0,0,0,1,1,1,0,1,1,0,0,0
53061,0,0,1,1,0,1,1,0,1,0,0,1
53063,1,1,0,1,0,0,0,0,0,1,1,0
53065,0,0,1,1,1,0,1,1,1,0,0,0
53067,1,0,0,1,0,0,0,0,0,1,0,0
53069,0,1,0,1,1,0,1,0,0,1,0,0
53071,0,0,0,1,1,1,1,0,0,0,0,0
53073,0,0,1,1,1,0,0,1,1,0,0,1
53075,0,1,0,1,1,0,1,1,1,0,0,0
53077,1,1,0,1,0,0,0,0,0,1,1,0
54001,0,0,1,1,1,0,1,1,1,0,0,0
54003,0,0,1,1,1,0,1,0,1,1,0,0
54005,0,0,1,1,1,0,1,0,0,0,1,1
54007,0,0,1,1,0,1,1,0,1,0,0,1
54009,0,1,1,1,0,0,1,1,0,1,0,0
54011,0,0,1,1,0,1,1,0,1,1,0,0
54013,0,1,0,1,0,1,1,1,1,0,0,0
54015,0,1,1,1,0,0,1,1,1,0,0,0
54017,0,1,1,1,0,0,1,0,1,1,0,0
54019,0,1,0,1,0,1,1,1,1,0,0,0
54021,0,0,1,1,1,0,1,0,1,0,0,1
54023,0,0,1,1,1,0,1,1,1,0,0,0
54025,0,0,0,1,1,1,1,1,1,0,0,0
54027,0,0,1,1,1,0,1,0,0,0,1,1
54029,0,1,1,1,0,0,1,1,0,0,0,1
54031,1,0,0,1,0,0,0,0,0,1,1,0
54033,0,1,1,1,0,0,1,1,0,0,0,1
54035,0,0,1,1,1,0,1,1,1,0,0,0
54037,0,1,1,1,0,0,1,0,1,1,0,0
54039,0,1,1,1,0,0,1,0,0,1,0,0
54041,0,0,1,1,1,0,1,0,1,0,0,1
54043,0,0,1,1,1,0,1,0,0,0,1,1
54045,0,0,1,1,1,0,1,0,0,0,1,1
54047,0,1,0,1,0,1,0,1,1,1,0,0
54049,0,1,0,1,0,1,1,1,0,0,0,1
54051,0,1,1,1,0,0,1,0,1,1,0,0
54053,0,0,1,1,1,0,1,1,1,0,0,0
54055,1,0,0,1,0,0,0,0,0,0,1,0
54057,0,0,1,1,1,0,0,1,1,0,0,0
54059,0,1,0,1,0,1,1,1,1,0,0,0
54061,0,0,1,1,1,0,1,1,1,0,0,0
54063,0,1,1,1,0,0,1,1,0,1,0,0
54065,0,1,1,1,0,0,1,1,1,0,0,0
54067,0,1,1,1,0,0,1,0,1,1,0,0
54069,0,1,1,1,0,0,1,1,0,1,0,0
54071,0,1,0,1,0,1,1,1,0,0,0,1
54073,0,0,1,1,0,1,1,1,0,1,0,0
54075,0,1,0,1,0,1,1,0,1,0,0,1
54077,0,0,1,1,1,0,1,0,0,0,1,1
54079,0,1,1,1,0,0,1,1,0,0,0,1
54081,0,1,1,1,0,0,1,1,0,0,0,1
54083,0,1,0,1,1,0,0,1,0,0,1,0
54085,0,1,1,1,0,0,1,1,0,1,0,0
54087,0,1,0,1,1,0,0,1,1,0,0,0
54089,0,0,1,1,1,0,1,0,0,0,1,1
54091,0,1,1,1,0,0,1,0,1,1,0,0
54093,0,1,0,1,0,1,1,1,1,0,0,0
54095,0,0,0,1,1,1,1,1,1,0,0,0
54097,0,1,0,1,0,1,1,0,1,0,0,1
54099,0,1,0,1,0,1,1,1,0,0,0,1
54101,0,1,1,1,0,0,1,1,1,0,0,0
54103,0,1,1,1,0,0,1,1,0,1,0,0
54105,0,0,1,1,0,1,1,1,1,0,0,0
54107,0,0,1,1,1,0,1,1,1,0,0,0
54109,0,0,0,1,1,1,1,0,1,0,0,0
55001,1,1,0,1,0,0,0,0,0,1,1,0
55003,0,1,0,1,1,0,0,0,1,0,1,0
55005,0,1,1,1,0,0,1,0,0,1,1,0
55007,0,1,0,1,1,0,0,1,1,0,0,0
55009,0,0,1,1,1,0,1,0,1,1,0,0
55011,0,1,0,1,0,1,1,1,0,0,0,1
55013,1,0,0,1,0,0,0,0,0,0,1,0
55015,0,0,1,1,0,1,1,1,0,0,0,0
55017,0,0,1,1,1,0,0,1,1,0,0,0
55019,1,1,0,1,0,0,0,0,0,0,1,0
55021,0,1,0,1,0,1,1,1,0,0,0,0
55023,0,1,0,1,0,1,1,1,1,0,0,0
55025,1,1,0,0,0,0,0,0,0,1,1,0
55027,0,1,1,1,0,0,1,0,0,1,1,0
55029,0,0,0,1,1,1,1,0,1,0,0,1
55031,1,1,0,0,0,0,0,0,0,1,1,0
55033,0,0,1,1,0,1,1,0,1,1,0,0
55035,0,1,1,1,0,0,1,0,0,1,1,0
55037,0,1,0,1,0,1,1,1,1,0,0,0
55039,1,1,0,0,0,0,0,0,0,1,1,0
55041,0,0,1,1,1,0,1,1,0,0,0,1
55043,1,1,0,1,0,0,1,0,0,1,0,0
55045,1,1,0,1,0,0,0,0,0,0,1,0
55047,0,0,1,1,0,1,1,1,1,0,0,0
55049,0,0,1,1,1,0,1,1,0,0,0,0
55051,0,0,1,1,1,0,1,0,0,1,1,0
55053,0,1,0,1,0,0,0,0,0,0,1,0
55055,1,1,0,0,0,0,0,0,0,1,1,0
55057,0,1,0,1,0,1,1,0,1,0,0,0
55059,0,1,1,1,0,0,1,0,0,1,0,1
55061,1,0,0,1,0,0,0,0,0,1,1,0
55063,1,1,0,0,0,0,0,0,0,1,1,0
55065,0,1,1,1,0,0,1,1,0,1,0,0
55067,1,1,0,1,0,0,0,0,0,1,1,0
55069,0,1,0,1,0,1,1,0,0,1,0,0
55071,1,1,0,0,0,0,0,0,0,1,1,0
55073,0,1,1,1,0,0,1,1,0,1,0,0
55075,0,0,1,1,1,0,1,1,1,0,0,0
55077,1,1,0,0,0,0,0,0,0,1,1,0
55078,0,1,0,1,0,1,1,1,1,0,0,0
55079,1,1,0,0,0,0,0,0,0,1,0,0
55081,1,1,0,1,0,0,0,0,0,1,1,0
55083,1,1,0,1,0,0,0,0,0,1,1,0
55085,1,1,0,0,0,0,0,0,0,1,1,0
55087,1,1,0,0,0,0,0,0,0,1,1,0
55089,1,1,0,0,0,0,0,0,0,1,1,0
55091,0,1,1,1,0,0,1,1,0,0,0,0
55093,0,1,1,1,0,0,1,1,0,1,0,0
55095,0,1,1,1,0,0,1,0,0,1,1,0
55097,0,1,1,1,0,0,1,1,0,1,0,0
55099,0,1,0,1,1,0,0,1,1,0,0,1
55101,0,1,1,1,0,0,1,0,1,1,0,0
55103,1,1,0,0,0,0,0,0,0,1,1,0
55105,0,1,1,1,0,0,1,0,0,1,0,1
55107,0,1,0,1,1,0,1,1,1,0,0,0
55109,1,1,0,0,0,0,0,0,0,1,1,0
55111,0,1,1,1,0,0,1,0,1,1,0,0
55113,0,0,1,1,1,0,1,1,0,0,0,0
55115,0,1,0,1,0,1,1,1,1,0,0,0
55117,0,1,1,1,0,0,1,1,0,1,0,0
55119,0,1,0,1,1,0,1,1,1,0,0,0
55121,0,0,1,1,0,1,1,1,0,0,0,1
55123,0,1,0,1,0,1,1,0,0,1,0,0
55125,0,0,1,1,1,0,1,1,1,0,0,0
55127,0,1,1,1,0,0,1,1,0,1,0,0
55129,0,0,1,1,1,0,1,1,1,0,0,0
55131,0,1,1,1,0,0,1,0,0,1,0,1
55133,1,1,0,0,0,0,0,0,0,1,1,0
55135,1,1,0,1,0,0,0,0,0,1,1,0
55137,0,0,1,1,1,0,0,1,1,0,0,0
55139,0,1,1,1,0,0,1,0,1,0,0,0
55141,1,1,0,1,0,0,0,0,0,1,1,0
56001,0,0,1,1,1,0,1,0,1,0,0,0
56003,0,0,1,1,1,0,1,0,1,0,0,0
56005,0,0,0,1,1,1,1,0,1,0,0,0
56007,0,0,1,1,1,0,1,1,0,0,1,0
56009,0,1,0,1,1,0,0,1,0,0,1,0
56011,0,0,1,1,1,0,1,0,0,0,1,1
56013,0,0,1,1,1,0,1,0,1,1,0,0
56015,0,1,0,1,0,1,1,1,1,0,0,0
56017,0,0,1,1,1,0,1,1,0,1,0,0
56019,0,0,0,1,1,0,0,1,0,0,1,0
56021,0,0,1,1,1,0,1,0,1,0,0,0
56023,0,0,1,1,1,0,1,1,1,0,0,0
56025,0,0,1,1,1,0,1,0,0,1,0,1
56027,0,0,0,1,1,1,1,0,1,0,0,0
56029,0,0,1,1,1,0,0,1,1,0,0,0
56031,0,1,0,1,0,1,1,0,1,1,0,0
56033,0,0,0,1,1,1,1,0,1,0,0,0
56035,0,0,1,1,1,0,1,0,1,1,0,0
56037,0,0,1,1,1,0,1,0,0,0,1,1
56039,0,0,0,1,1,0,0,1,1,0,0,1
56041,0,0,1,1,1,0,1,1,1,0,0,0
56043,0,0,1,1,1,0,1,0,1,0,0,1
56045,0,0,1,1,1,0,1,1,1,0,0,0
